{
  "result": {
    "item": "ediblebugs:vegetableoil"
  },
  "pattern": [
    "RR ",
    "RR "
  ],
  "type": "minecraft:crafting_shaped",
  "key": {
    "R": [
        {
          "item": "minecraft:beetroot_seeds"
        },
        {
          "item": "minecraft:beetroot"
        },
        {
          "item": "minecraft:wheat_seeds"
        },
        {
          "item": "minecraft:melon_seeds"
        },
        {
          "item": "minecraft:pumpkin_seeds"
        },
        {
          "item": "minecraft:potato"
        },
        {
          "item": "minecraft:carrot"
        }
    ]
  }
}


