{
    "display": {
        "icon": {
            "item": "ediblebugs:sandbugs",
            "data": 3
        },
        "title": "I ate a bug",
        "description": "Eat one sand, dirt, grass, and wood bug"
    },
    "parent": "ediblebugs:ediblebugs/root",

    "criteria": {
        "sandbugs": {
            "trigger": "consume_item",
            "conditions": {
                "item": {
                    "item": "ediblebugs:sandbugs"
                }
            }
        },
        "dirtbugs": {
            "trigger": "consume_item",
            "conditions": {
                "item": {
                    "item": "ediblebugs:dirtbugs"
                }
            }
        },
        "woodbugs": {
            "trigger": "consume_item",
            "conditions": {
                "item": {
                    "item": "ediblebugs:woodbugs"
                }
            }
        },
        "grassbugs": {
            "trigger": "consume_item",
            "conditions": {
                "item": {
                    "item": "ediblebugs:grassbugs"
                }
            }
        }
    }
}