{
    "display": {
        "icon": {
            "item": "ediblebugs:bugzapper"
        },
        "title": "Bugs for Days",
        "description": "Make a Bug Zapper"
    },
    "parent": "ediblebugs:ediblebugs/termitelarva",

    "criteria": {
        "bugzapper": {
            "trigger": "minecraft:inventory_changed",
            "conditions": {
                "items": [
                    {
                        "item": "ediblebugs:bugzapper"
                    }
                ]
            }
        }
    }
}