{
    "display": {
        "icon": {
            "item": "ediblebugs:cookedbugs",
            "data": 4
        },
        "title": "I ate a better bug",
        "description": "Eat a fryed bug"
    },
    "parent": "ediblebugs:ediblebugs/fryer",

    "criteria": {
        "cookedbugs": {
            "trigger": "consume_item",
            "conditions": {
                "item": {
                    "item": "ediblebugs:cookedbugs"
                }
            }
        }
    }
}