{
    "display": {
        "icon": {
            "item": "ediblebugs:ebfryeridle"
        },
        "title": "Bad Bug",
        "description": "Make a Bug Fryer"
    },
    "parent": "ediblebugs:ediblebugs/ateabug",

    "criteria": {
        "ebfryeridle": {
            "trigger": "minecraft:inventory_changed",
            "conditions": {
                "items": [
                    {
                        "item": "ediblebugs:ebfryeridle"
                    }
                ]
            }
        }
    }
}