{
    "display": {
        "icon": {
            "item": "ediblebugs:grassbugs",
            "data": 0
        },
        "title": "I got a grassy bug",
        "description": "Obtain a grass bug"
    },
    "parent": "ediblebugs:ediblebugs/root",

    "criteria": {
        "grassbugs": {
            "trigger": "minecraft:inventory_changed",
            "conditions": {
                "items": [
                    {
                        "item": "ediblebugs:grassbugs"
                    }
                ]
            }
        }
    }
}