{
    "display": {
        "icon": {
                    "item": "ediblebugs:dirtbugs",
                    "data": 1
        },
        "title": "I got a dirty bug",
        "description": "Abtain a dirt bug",
        "background": "minecraft:textures/gui/advancements/backgrounds/husbandry.png",
        "show_toast": false,
        "announce_to_chat": true
    },
"criteria": {
        "dirtbugs": {
            "trigger": "minecraft:inventory_changed",
            "conditions": {
                "items": [
                    {
                        "item": "ediblebugs:dirtbugs"
                    }
                ]
            }
        }
    }
}