{
    "display": {
        "icon": {
            "item": "ediblebugs:sandbugs",
            "data": 0
        },
        "title": "I got a sandy bug",
        "description": "Obtain a sand bug"
    },
    "parent": "ediblebugs:ediblebugs/root",

    "criteria": {
        "sandbugs": {
            "trigger": "minecraft:inventory_changed",
            "conditions": {
                "items": [
                    {
                        "item": "ediblebugs:sandbugs"
                    }
                ]
            }
        }
    }
}