{
    "display": {
        "icon": {
            "item": "ediblebugs:termite"
        },
        "title": "I am not an chimp",
        "description": "Dig up a termite mound"
    },
    "parent": "ediblebugs:ediblebugs/root",

    "criteria": {
        "termite": {
            "trigger": "minecraft:inventory_changed",
            "conditions": {
                "items": [
                    {
                        "item": "ediblebugs:termite"
                    }
                ]
            }
        }
    }
}