{
    "display": {
        "icon": {
            "item": "ediblebugs:termitelarva"
        },
        "title": "Farming bugs",
        "description": "Obtain a termite larva"
    },
    "parent": "ediblebugs:ediblebugs/termite",

    "criteria": {
        "termitelarva": {
            "trigger": "minecraft:inventory_changed",
            "conditions": {
                "items": [
                    {
                        "item": "ediblebugs:termitelarva"
                    }
                ]
            }
        }
    }
}