{
    "display": {
        "icon": {
            "item": "ediblebugs:woodbugs",
            "data": 0
        },
        "title": "I got a wood bug",
        "description": "Obtain a wood bug"
    },
    "parent": "ediblebugs:ediblebugs/root",

    "criteria": {
        "woodbugs": {
            "trigger": "minecraft:inventory_changed",
            "conditions": {
                "items": [
                    {
                        "item": "ediblebugs:woodbugs"
                    }
                ]
            }
        }
    }
}