{
"__comment": "ediblebugs",
"textures": {
    "particle": "ediblebugs:blocks/bugzapper",
    "bugzapper": "ediblebugs:blocks/bugzapper",
    "obsidian": "ediblebugs:blocks/obsidian"
},
"elements": [ 
{
    "from": [ 2, 2, 2 ],
    "to": [ 14, 14, 14 ],
    "faces": {
        "down":  { "uv": [ 13.999, 13.999, 2.001, 2.001 ], "texture": "#obsidian" },
        "up":    { "uv": [ 2.001, 2.001, 13.999, 13.999 ], "texture": "#obsidian" },
        "north": { "uv": [ 2.001, 2.001, 13.999, 13.999 ], "texture": "#obsidian" },
        "south": { "uv": [ 2.001, 2.001, 13.999, 13.999 ], "texture": "#obsidian" },
        "west":  { "uv": [ 2.001, 2.001, 13.999, 13.999 ], "texture": "#obsidian" },
        "east":  { "uv": [ 2.001, 2.001, 13.999, 13.999 ], "texture": "#obsidian" }
    }
},
{
    "from": [ 0, 0, 0 ],
    "to": [ 2, 16, 2 ],
    "faces": {
        "down":  { "uv": [ 15.999, 1.999, 14.001, 0.001 ], "texture": "#bugzapper", "cullface": "down" },
        "up":    { "uv": [ 0.001, 0.001, 1.999, 1.999 ], "texture": "#bugzapper", "cullface": "up" },
        "north": { "uv": [ 14.001, 0.001, 15.999, 15.999 ], "texture": "#bugzapper", "cullface": "north" },
        "south": { "uv": [ 0.001, 0.001, 1.999, 15.999 ], "texture": "#bugzapper" },
        "west":  { "uv": [ 0.001, 0.001, 1.999, 15.999 ], "texture": "#bugzapper", "cullface": "west" },
        "east":  { "uv": [ 14.001, 0.001, 15.999, 15.999 ], "texture": "#bugzapper" }
    }
},
{
    "from": [ 14, 0, 0 ],
    "to": [ 16, 16, 2 ],
    "faces": {
        "down":  { "uv": [ 1.999, 1.999, 0.001, 0.001 ], "texture": "#bugzapper", "cullface": "down" },
        "up":    { "uv": [ 14.001, 0.001, 15.999, 1.999 ], "texture": "#bugzapper", "cullface": "up" },
        "north": { "uv": [ 0.001, 0.001, 1.999, 15.999 ], "texture": "#bugzapper", "cullface": "north" },
        "south": { "uv": [ 14.001, 0.001, 15.999, 15.999 ], "texture": "#bugzapper" },
        "west":  { "uv": [ 0.001, 0.001, 1.999, 15.999 ], "texture": "#bugzapper" },
        "east":  { "uv": [ 14.001, 0.001, 15.999, 15.999 ], "texture": "#bugzapper", "cullface": "east" }
    }
},
{
    "from": [ 14, 0, 14 ],
    "to": [ 16, 16, 16 ],
    "faces": {
        "down":  { "uv": [ 1.999, 15.999, 0.001, 14.001 ], "texture": "#bugzapper", "cullface": "down" },
        "up":    { "uv": [ 14.001, 14.001, 15.999, 15.999 ], "texture": "#bugzapper", "cullface": "up" },
        "north": { "uv": [ 0.001, 0.001, 1.999, 15.999 ], "texture": "#bugzapper" },
        "south": { "uv": [ 14.001, 0.001, 15.999, 15.999 ], "texture": "#bugzapper", "cullface": "south" },
        "west":  { "uv": [ 14.001, 0.001, 15.999, 15.999 ], "texture": "#bugzapper" },
        "east":  { "uv": [ 0.001, 0.001, 1.999, 15.999 ], "texture": "#bugzapper", "cullface": "east" }
    }
},
{
    "from": [ 0, 0, 14 ],
    "to": [ 2, 16, 16 ],
    "faces": {
        "down":  { "uv": [ 15.999, 15.999, 14.001, 14.001 ], "texture": "#bugzapper", "cullface": "down" },
        "up":    { "uv": [ 0.001, 14.001, 1.999, 15.999 ], "texture": "#bugzapper", "cullface": "up" },
        "north": { "uv": [ 14.001, 0.001, 15.999, 15.999 ], "texture": "#bugzapper" },
        "south": { "uv": [ 0.001, 0.001, 1.999, 15.999 ], "texture": "#bugzapper", "cullface": "south" },
        "west":  { "uv": [ 14.001, 0.001, 15.999, 15.999 ], "texture": "#bugzapper", "cullface": "west" },
        "east":  { "uv": [ 0.001, 0.001, 1.999, 15.999 ], "texture": "#bugzapper" }
    }
},
{
    "from": [ 2, 0, 0 ],
    "to": [ 14, 2, 2 ],
    "faces": {
        "down":  { "uv": [ 13.999, 1.999, 2.001, 0.001 ], "texture": "#bugzapper", "cullface": "down" },
        "up":    { "uv": [ 2.001, 0.001, 13.999, 1.999 ], "texture": "#bugzapper" },
        "north": { "uv": [ 2.001, 14.001, 13.999, 15.999 ], "texture": "#bugzapper", "cullface": "north" },
        "south": { "uv": [ 2.001, 14.001, 13.999, 15.999 ], "texture": "#bugzapper" }
    }
},
{
    "from": [ 2, 14, 0 ],
    "to": [ 14, 16, 2 ],
    "faces": {
        "down":  { "uv": [ 13.999, 1.999, 2.001, 0.001 ], "texture": "#bugzapper" },
        "up":    { "uv": [ 2.001, 0.001, 13.999, 1.999 ], "texture": "#bugzapper", "cullface": "up" },
        "north": { "uv": [ 2.001, 0.001, 13.999, 1.999 ], "texture": "#bugzapper", "cullface": "north" },
        "south": { "uv": [ 2.001, 0.001, 13.999, 1.999 ], "texture": "#bugzapper" }
    }
},
{
    "from": [ 2, 14, 14 ],
    "to": [ 14, 16, 16 ],
    "faces": {
        "down":  { "uv": [ 13.999, 15.999, 2.001, 14.001 ], "texture": "#bugzapper" },
        "up":    { "uv": [ 2.001, 14.001, 13.999, 15.999 ], "texture": "#bugzapper", "cullface": "up" },
        "north": { "uv": [ 2.001, 0.001, 13.999, 1.999 ], "texture": "#bugzapper" },
        "south": { "uv": [ 2.001, 0.001, 13.999, 1.999 ], "texture": "#bugzapper", "cullface": "south" }
    }
},
{
    "from": [ 2, 0, 14 ],
    "to": [ 14, 2, 16 ],
    "faces": {
        "down":  { "uv": [ 13.999, 15.999, 2.001, 14.001 ], "texture": "#bugzapper", "cullface": "down" },
        "up":    { "uv": [ 2.001, 14.001, 13.999, 15.999 ], "texture": "#bugzapper" },
        "north": { "uv": [ 2.001, 14.001, 13.999, 15.999 ], "texture": "#bugzapper" },
        "south": { "uv": [ 2.001, 14.001, 13.999, 15.999 ], "texture": "#bugzapper", "cullface": "south" }
    }
},
{
    "from": [ 0, 0, 2 ],
    "to": [ 2, 2, 14 ],
    "faces": {
        "down":  { "uv": [ 15.999, 13.999, 14.001, 2.001 ], "texture": "#bugzapper", "cullface": "down" },
        "up":    { "uv": [ 0.001, 2.001, 1.999, 13.999 ], "texture": "#bugzapper" },
        "west":  { "uv": [ 2.001, 14.001, 13.999, 15.999 ], "texture": "#bugzapper", "cullface": "west" },
        "east":  { "uv": [ 2.001, 14.001, 13.999, 15.999 ], "texture": "#bugzapper" }
    }
},
{
    "from": [ 0, 14, 2 ],
    "to": [ 2, 16, 14 ],
    "faces": {
        "down":  { "uv": [ 15.999, 13.999, 14.001, 2.001 ], "texture": "#bugzapper" },
        "up":    { "uv": [ 0.001, 2.001, 1.999, 13.999 ], "texture": "#bugzapper", "cullface": "up" },
        "west":  { "uv": [ 2.001, 0.001, 13.999, 1.999 ], "texture": "#bugzapper", "cullface": "west" },
        "east":  { "uv": [ 2.001, 0.001, 13.999, 1.999 ], "texture": "#bugzapper" }
    }
},
{
    "from": [ 14, 14, 2 ],
    "to": [ 16, 16, 14 ],
    "faces": {
        "down":  { "uv": [ 1.999, 13.999, 0.001, 2.001 ], "texture": "#bugzapper" },
        "up":    { "uv": [ 14.001, 2.001, 15.999, 13.999 ], "texture": "#bugzapper", "cullface": "up" },
        "west":  { "uv": [ 2.001, 0.001, 13.999, 1.999 ], "texture": "#bugzapper" },
        "east":  { "uv": [ 2.001, 0.001, 13.999, 1.999 ], "texture": "#bugzapper", "cullface": "east" }
    }
},
{
    "from": [ 14, 0, 2 ],
    "to": [ 16, 2, 14 ],
    "faces": {
        "down":  { "uv": [ 1.999, 13.999, 0.001, 2.001 ], "texture": "#bugzapper", "cullface": "down" },
        "up":    { "uv": [ 14.001, 2.001, 15.999, 13.999 ], "texture": "#bugzapper" },
        "west":  { "uv": [ 2.001, 14.001, 13.999, 15.999 ], "texture": "#bugzapper" },
        "east":  { "uv": [ 2.001, 14.001, 13.999, 15.999 ], "texture": "#bugzapper", "cullface": "east" }
    }
},
{
    "__comment": "bug",
    "from": [ 7, 14, 2 ],
    "to": [ 9, 16, 3 ],
    "faces": {
        "up":    { "uv": [ 7.001, 2.001, 8.999, 2.999 ], "texture": "#bugzapper", "cullface": "up" },
        "west":  { "uv": [ 2.001, 0.001, 2.999, 1.999 ], "texture": "#obsidian" },
        "east":  { "uv": [ 13.001, 0.001, 13.999, 1.999 ], "texture": "#obsidian" }
    }
},
{
    "__comment": "bug",
    "from": [ 6, 14, 3 ],
    "to": [ 10, 16, 5 ],
    "faces": {
        "up":    { "uv": [ 6.001, 3.001, 9.999, 4.999 ], "texture": "#bugzapper", "cullface": "up" },
        "north": { "uv": [ 6.001, 0.001, 9.999, 1.999 ], "texture": "#obsidian" },
        "south": { "uv": [ 6.001, 0.001, 9.999, 1.999 ], "texture": "#obsidian" },
        "west":  { "uv": [ 3.001, 0.001, 4.999, 1.999 ], "texture": "#obsidian" },
        "east":  { "uv": [ 11.001, 0.001, 12.999, 1.999 ], "texture": "#obsidian" }
    }
},
{
    "__comment": "bug",
    "from": [ 7, 14, 5 ],
    "to": [ 9, 15.5, 6 ],
    "faces": {
        "up":    { "uv": [ 7.001, 5.001, 8.999, 5.999 ], "texture": "#bugzapper" },
        "west":  { "uv": [ 5.001, 0.001, 5.999, 1.999 ], "texture": "#obsidian" },
        "east":  { "uv": [ 10.001, 0.001, 10.999, 1.999 ], "texture": "#obsidian" }
    }
},
{
    "__comment": "bug",
    "from": [ 6, 14, 6 ],
    "to": [ 10, 16, 7 ],
    "faces": {
        "up":    { "uv": [ 6.001, 6.001, 9.999, 6.999 ], "texture": "#bugzapper", "cullface": "up" },
        "north": { "uv": [ 6.001, 0.001, 9.999, 1.999 ], "texture": "#obsidian" },
        "west":  { "uv": [ 6.001, 0.001, 6.999, 1.999 ], "texture": "#obsidian" },
        "east":  { "uv": [ 9.001, 0.001, 9.999, 1.999 ], "texture": "#obsidian" }
    }
},
{
    "__comment": "bug",
    "from": [ 5, 14, 7 ],
    "to": [ 11, 16, 12 ],
    "faces": {
        "up":    { "uv": [ 5.001, 7.001, 10.999, 11.999 ], "texture": "#bugzapper", "cullface": "up" },
        "north": { "uv": [ 5.001, 0.001, 10.999, 1.999 ], "texture": "#obsidian" },
        "south": { "uv": [ 5.001, 0.001, 10.999, 1.999 ], "texture": "#obsidian" },
        "west":  { "uv": [ 7.001, 0.001, 11.999, 1.999 ], "texture": "#obsidian" },
        "east":  { "uv": [ 4.001, 0.001, 8.999, 1.999 ], "texture": "#obsidian" }
    }
},
{
    "__comment": "bug",
    "from": [ 6, 14, 12 ],
    "to": [ 10, 15.5, 13 ],
    "faces": {
        "up":    { "uv": [ 6.001, 12.001, 9.999, 12.999 ], "texture": "#bugzapper" },
        "south": { "uv": [ 6.001, 0.001, 9.999, 1.999 ], "texture": "#obsidian" },
        "west":  { "uv": [ 12.001, 0.001, 12.999, 1.999 ], "texture": "#obsidian" },
        "east":  { "uv": [ 3.001, 0.001, 3.999, 1.999 ], "texture": "#obsidian" }
    }
},
{
    "__comment": "bug",
    "from": [ 7, 14, 13 ],
    "to": [ 9, 15, 14 ],
    "faces": {
        "up":    { "uv": [ 7.001, 13.001, 8.999, 13.999 ], "texture": "#bugzapper" },
        "west":  { "uv": [ 13.001, 0.001, 13.999, 1.999 ], "texture": "#obsidian" },
        "east":  { "uv": [ 2.001, 0.001, 2.999, 1.999 ], "texture": "#obsidian" }
    }
},
{
    "__comment": "bug",
    "from": [ 3, 14, 3 ],
    "to": [ 4, 15, 4 ],
    "faces": {
        "up":    { "uv": [ 3.001, 3.001, 3.999, 3.999 ], "texture": "#bugzapper" },
        "north": { "uv": [ 12.001, 1.001, 12.999, 1.999 ], "texture": "#obsidian" },
        "south": { "uv": [ 3.001, 1.001, 3.999, 1.999 ], "texture": "#obsidian" },
        "west":  { "uv": [ 3.001, 1.001, 3.999, 1.999 ], "texture": "#obsidian" },
        "east":  { "uv": [ 12.001, 1.001, 12.999, 1.999 ], "texture": "#obsidian" }
    }
},
{
    "__comment": "bug",
    "from": [ 12, 14, 3 ],
    "to": [ 13, 15, 4 ],
    "faces": {
        "up":    { "uv": [ 12.001, 3.001, 12.999, 3.999 ], "texture": "#bugzapper" },
        "north": { "uv": [ 3.001, 1.001, 3.999, 1.999 ], "texture": "#obsidian" },
        "south": { "uv": [ 12.001, 1.001, 12.999, 1.999 ], "texture": "#obsidian" },
        "west":  { "uv": [ 3.001, 1.001, 3.999, 1.999 ], "texture": "#obsidian" },
        "east":  { "uv": [ 12.001, 1.001, 12.999, 1.999 ], "texture": "#obsidian" }
    }
},
{
    "__comment": "bug",
    "from": [ 11, 14, 4 ],
    "to": [ 12, 15, 5 ],
    "faces": {
        "up":    { "uv": [ 11.001, 4.001, 11.999, 4.999 ], "texture": "#bugzapper" },
        "north": { "uv": [ 4.001, 1.001, 4.999, 1.999 ], "texture": "#obsidian" },
        "south": { "uv": [ 11.001, 1.001, 11.999, 1.999 ], "texture": "#obsidian" },
        "west":  { "uv": [ 4.001, 1.001, 4.999, 1.999 ], "texture": "#obsidian" },
        "east":  { "uv": [ 11.001, 1.001, 11.999, 1.999 ], "texture": "#obsidian" }
    }
},
{
    "__comment": "bug",
    "from": [ 4, 14, 4 ],
    "to": [ 5, 15, 5 ],
    "faces": {
        "up":    { "uv": [ 4.001, 4.001, 4.999, 4.999 ], "texture": "#bugzapper" },
        "north": { "uv": [ 11.001, 1.001, 11.999, 1.999 ], "texture": "#obsidian" },
        "south": { "uv": [ 4.001, 1.001, 4.999, 1.999 ], "texture": "#obsidian" },
        "west":  { "uv": [ 4.001, 1.001, 4.999, 1.999 ], "texture": "#obsidian" },
        "east":  { "uv": [ 11.001, 1.001, 11.999, 1.999 ], "texture": "#obsidian" }
    }
},
{
    "__comment": "bug",
    "from": [ 5, 14, 5 ],
    "to": [ 6, 15, 6 ],
    "faces": {
        "up":    { "uv": [ 5.001, 5.001, 5.999, 5.999 ], "texture": "#bugzapper" },
        "north": { "uv": [ 10.001, 1.001, 10.999, 1.999 ], "texture": "#obsidian" },
        "south": { "uv": [ 5.001, 1.001, 5.999, 1.999 ], "texture": "#obsidian" },
        "west":  { "uv": [ 5.001, 1.001, 5.999, 1.999 ], "texture": "#obsidian" },
        "east":  { "uv": [ 10.001, 1.001, 10.999, 1.999 ], "texture": "#obsidian" }
    }
},
{
    "__comment": "bug",
    "from": [ 10, 14, 5 ],
    "to": [ 11, 15, 6 ],
    "faces": {
        "up":    { "uv": [ 10.001, 5.001, 10.999, 5.999 ], "texture": "#bugzapper" },
        "north": { "uv": [ 5.001, 1.001, 5.999, 1.999 ], "texture": "#obsidian" },
        "south": { "uv": [ 10.001, 1.001, 10.999, 1.999 ], "texture": "#obsidian" },
        "west":  { "uv": [ 5.001, 1.001, 5.999, 1.999 ], "texture": "#obsidian" },
        "east":  { "uv": [ 10.001, 1.001, 10.999, 1.999 ], "texture": "#obsidian" }
    }
},
{
    "__comment": "bug",
    "from": [ 11, 14, 7 ],
    "to": [ 13, 15, 8 ],
    "faces": {
        "up":    { "uv": [ 11.001, 7.001, 12.999, 7.999 ], "texture": "#bugzapper" },
        "north": { "uv": [ 3.001, 1.001, 4.999, 1.999 ], "texture": "#obsidian" },
        "south": { "uv": [ 11.001, 1.001, 12.999, 1.999 ], "texture": "#obsidian" },
        "east":  { "uv": [ 8.001, 1.001, 8.999, 1.999 ], "texture": "#obsidian" }
    }
},
{
    "__comment": "bug",
    "from": [ 3, 14, 7 ],
    "to": [ 5, 15, 8 ],
    "faces": {
        "up":    { "uv": [ 3.001, 7.001, 4.999, 7.999 ], "texture": "#bugzapper" },
        "north": { "uv": [ 11.001, 1.001, 12.999, 1.999 ], "texture": "#obsidian" },
        "south": { "uv": [ 3.001, 1.001, 4.999, 1.999 ], "texture": "#obsidian" },
        "west":  { "uv": [ 7.001, 1.001, 7.999, 1.999 ], "texture": "#obsidian" }
    }
},
{
    "__comment": "bug",
    "from": [ 2, 14, 8 ],
    "to": [ 3, 15, 9 ],
    "faces": {
        "up":    { "uv": [ 2.001, 8.001, 2.999, 8.999 ], "texture": "#bugzapper" },
        "north": { "uv": [ 13.001, 1.001, 13.999, 1.999 ], "texture": "#obsidian" },
        "south": { "uv": [ 2.001, 1.001, 2.999, 1.999 ], "texture": "#obsidian" },
        "east":  { "uv": [ 7.001, 1.001, 7.999, 1.999 ], "texture": "#obsidian" }
    }
},
{
    "__comment": "bug",
    "from": [ 13, 14, 8 ],
    "to": [ 14, 15, 9 ],
    "faces": {
        "up":    { "uv": [ 13.001, 8.001, 13.999, 8.999 ], "texture": "#bugzapper" },
        "north": { "uv": [ 2.001, 1.001, 2.999, 1.999 ], "texture": "#obsidian" },
        "south": { "uv": [ 13.001, 1.001, 13.999, 1.999 ], "texture": "#obsidian" },
        "west":  { "uv": [ 8.001, 1.001, 8.999, 1.999 ], "texture": "#obsidian" }
    }
},
{
    "__comment": "bug",
    "from": [ 11, 14, 9 ],
    "to": [ 12, 15, 10 ],
    "faces": {
        "up":    { "uv": [ 11.001, 9.001, 11.999, 9.999 ], "texture": "#bugzapper" },
        "north": { "uv": [ 4.001, 1.001, 4.999, 1.999 ], "texture": "#obsidian" },
        "south": { "uv": [ 11.001, 1.001, 11.999, 1.999 ], "texture": "#obsidian" },
        "east":  { "uv": [ 6.001, 1.001, 6.999, 1.999 ], "texture": "#obsidian" }
    }
},
{
    "__comment": "bug",
    "from": [ 4, 14, 9 ],
    "to": [ 5, 15, 10 ],
    "faces": {
        "up":    { "uv": [ 4.001, 9.001, 4.999, 9.999 ], "texture": "#bugzapper" },
        "north": { "uv": [ 11.001, 1.001, 11.999, 1.999 ], "texture": "#obsidian" },
        "south": { "uv": [ 4.001, 1.001, 4.999, 1.999 ], "texture": "#obsidian" },
        "west":  { "uv": [ 9.001, 1.001, 9.999, 1.999 ], "texture": "#obsidian" }
    }
},
{
    "__comment": "bug",
    "from": [ 3, 14, 10 ],
    "to": [ 4, 15, 11 ],
    "faces": {
        "up":    { "uv": [ 3.001, 10.001, 3.999, 10.999 ], "texture": "#bugzapper" },
        "north": { "uv": [ 12.001, 1.001, 12.999, 1.999 ], "texture": "#obsidian" },
        "south": { "uv": [ 3.001, 1.001, 3.999, 1.999 ], "texture": "#obsidian" },
        "west":  { "uv": [ 10.001, 1.001, 10.999, 1.999 ], "texture": "#obsidian" },
        "east":  { "uv": [ 5.001, 1.001, 5.999, 1.999 ], "texture": "#obsidian" }
    }
},
{
    "__comment": "bug",
    "from": [ 12, 14, 10 ],
    "to": [ 13, 15, 11 ],
    "faces": {
        "up":    { "uv": [ 12.001, 10.001, 12.999, 10.999 ], "texture": "#bugzapper" },
        "north": { "uv": [ 3.001, 1.001, 3.999, 1.999 ], "texture": "#obsidian" },
        "south": { "uv": [ 12.001, 1.001, 12.999, 1.999 ], "texture": "#obsidian" },
        "west":  { "uv": [ 10.001, 1.001, 10.999, 1.999 ], "texture": "#obsidian" },
        "east":  { "uv": [ 5.001, 1.001, 5.999, 1.999 ], "texture": "#obsidian" }
    }
},
{
    "__comment": "bug",
    "from": [ 13, 14, 11 ],
    "to": [ 14, 15, 13 ],
    "faces": {
        "up":    { "uv": [ 13.001, 11.001, 13.999, 12.999 ], "texture": "#bugzapper" },
        "north": { "uv": [ 2.001, 1.001, 2.999, 1.999 ], "texture": "#obsidian" },
        "south": { "uv": [ 13.001, 1.001, 13.999, 1.999 ], "texture": "#obsidian" },
        "west":  { "uv": [ 11.001, 1.001, 12.999, 1.999 ], "texture": "#obsidian" }
    }
},
{
    "__comment": "bug",
    "from": [ 2, 14, 11 ],
    "to": [ 3, 15, 13 ],
    "faces": {
        "up":    { "uv": [ 2.001, 11.001, 2.999, 12.999 ], "texture": "#bugzapper" },
        "north": { "uv": [ 13.001, 1.001, 13.999, 1.999 ], "texture": "#obsidian" },
        "south": { "uv": [ 2.001, 1.001, 2.999, 1.999 ], "texture": "#obsidian" },
        "east":  { "uv": [ 3.001, 1.001, 4.999, 1.999 ], "texture": "#obsidian" }
    }
},
{
    "__comment": "bug",
    "from": [ 14, 13, 7 ],
    "to": [ 16, 14, 9 ],
    "faces": {
        "north": { "uv": [ 13.001, 0.001, 13.999, 1.999 ], "rotation": 270, "texture": "#obsidian" },
        "south": { "uv": [ 2.001, 0.001, 2.999, 1.999 ], "rotation": 90, "texture": "#obsidian" },
        "east":  { "uv": [ 7.001, 2.001, 8.999, 2.999 ], "texture": "#bugzapper", "cullface": "east" }
    }
},
{
    "__comment": "bug",
    "from": [ 14, 11, 6 ],
    "to": [ 16, 13, 10 ],
    "faces": {
        "down":  { "uv": [ 6.001, 0.001, 9.999, 1.999 ], "rotation": 90, "texture": "#obsidian" },
        "up":    { "uv": [ 6.001, 0.001, 9.999, 1.999 ], "rotation": 90, "texture": "#obsidian" },
        "north": { "uv": [ 11.001, 0.001, 12.999, 1.999 ], "rotation": 270, "texture": "#obsidian" },
        "south": { "uv": [ 3.001, 0.001, 4.999, 1.999 ], "rotation": 90, "texture": "#obsidian" },
        "east":  { "uv": [ 6.001, 3.001, 9.999, 4.999 ], "texture": "#bugzapper", "cullface": "east" }
    }
},
{
    "__comment": "bug",
    "from": [ 14, 10, 7 ],
    "to": [ 15.5, 11, 9 ],
    "faces": {
        "north": { "uv": [ 10.001, 0.001, 10.999, 1.999 ], "rotation": 270, "texture": "#obsidian" },
        "south": { "uv": [ 5.001, 0.001, 5.999, 1.999 ], "rotation": 90, "texture": "#obsidian" },
        "east":  { "uv": [ 7.001, 5.001, 8.999, 5.999 ], "texture": "#bugzapper" }
    }
},
{
    "__comment": "bug",
    "from": [ 14, 9, 6 ],
    "to": [ 16, 10, 10 ],
    "faces": {
        "up":    { "uv": [ 6.001, 0.001, 9.999, 1.999 ], "rotation": 90, "texture": "#obsidian" },
        "north": { "uv": [ 9.001, 0.001, 9.999, 1.999 ], "rotation": 270, "texture": "#obsidian" },
        "south": { "uv": [ 6.001, 0.001, 6.999, 1.999 ], "rotation": 90, "texture": "#obsidian" },
        "east":  { "uv": [ 6.001, 6.001, 9.999, 6.999 ], "texture": "#bugzapper", "cullface": "east" }
    }
},
{
    "__comment": "bug",
    "from": [ 14, 4, 5 ],
    "to": [ 16, 9, 11 ],
    "faces": {
        "down":  { "uv": [ 5.001, 0.001, 10.999, 1.999 ], "rotation": 90, "texture": "#obsidian" },
        "up":    { "uv": [ 5.001, 0.001, 10.999, 1.999 ], "rotation": 90, "texture": "#obsidian" },
        "north": { "uv": [ 4.001, 0.001, 8.999, 1.999 ], "rotation": 270, "texture": "#obsidian" },
        "south": { "uv": [ 7.001, 0.001, 11.999, 1.999 ], "rotation": 90, "texture": "#obsidian" },
        "east":  { "uv": [ 5.001, 7.001, 10.999, 11.999 ], "texture": "#bugzapper", "cullface": "east" }
    }
},
{
    "__comment": "bug",
    "from": [ 14, 3, 6 ],
    "to": [ 15.5, 4, 10 ],
    "faces": {
        "down":  { "uv": [ 6.001, 0.001, 9.999, 1.999 ], "rotation": 90, "texture": "#obsidian" },
        "north": { "uv": [ 3.001, 0.001, 3.999, 1.999 ], "rotation": 270, "texture": "#obsidian" },
        "south": { "uv": [ 12.001, 0.001, 12.999, 1.999 ], "rotation": 90, "texture": "#obsidian" },
        "east":  { "uv": [ 6.001, 12.001, 9.999, 12.999 ], "texture": "#bugzapper" }
    }
},
{
    "__comment": "bug",
    "from": [ 14, 2, 7 ],
    "to": [ 15, 3, 9 ],
    "faces": {
        "north": { "uv": [ 2.001, 0.001, 2.999, 1.999 ], "rotation": 270, "texture": "#obsidian" },
        "south": { "uv": [ 13.001, 0.001, 13.999, 1.999 ], "rotation": 90, "texture": "#obsidian" },
        "east":  { "uv": [ 7.001, 13.001, 8.999, 13.999 ], "texture": "#bugzapper" }
    }
},
{
    "__comment": "bug",
    "from": [ 14, 12, 12 ],
    "to": [ 15, 13, 13 ],
    "faces": {
        "down":  { "uv": [ 3.001, 1.001, 3.999, 1.999 ], "rotation": 90, "texture": "#obsidian" },
        "up":    { "uv": [ 12.001, 1.001, 12.999, 1.999 ], "rotation": 90, "texture": "#obsidian" },
        "north": { "uv": [ 12.001, 1.001, 12.999, 1.999 ], "rotation": 270, "texture": "#obsidian" },
        "south": { "uv": [ 3.001, 1.001, 3.999, 1.999 ], "rotation": 90, "texture": "#obsidian" },
        "east":  { "uv": [ 3.001, 3.001, 3.999, 3.999 ], "texture": "#bugzapper" }
    }
},
{
    "__comment": "bug",
    "from": [ 14, 12, 3 ],
    "to": [ 15, 13, 4 ],
    "faces": {
        "down":  { "uv": [ 12.001, 1.001, 12.999, 1.999 ], "rotation": 90, "texture": "#obsidian" },
        "up":    { "uv": [ 3.001, 1.001, 3.999, 1.999 ], "rotation": 90, "texture": "#obsidian" },
        "north": { "uv": [ 12.001, 1.001, 12.999, 1.999 ], "rotation": 270, "texture": "#obsidian" },
        "south": { "uv": [ 3.001, 1.001, 3.999, 1.999 ], "rotation": 90, "texture": "#obsidian" },
        "east":  { "uv": [ 12.001, 3.001, 12.999, 3.999 ], "texture": "#bugzapper" }
    }
},
{
    "__comment": "bug",
    "from": [ 14, 11, 4 ],
    "to": [ 15, 12, 5 ],
    "faces": {
        "down":  { "uv": [ 11.001, 1.001, 11.999, 1.999 ], "rotation": 90, "texture": "#obsidian" },
        "up":    { "uv": [ 4.001, 1.001, 4.999, 1.999 ], "rotation": 90, "texture": "#obsidian" },
        "north": { "uv": [ 11.001, 1.001, 11.999, 1.999 ], "rotation": 270, "texture": "#obsidian" },
        "south": { "uv": [ 4.001, 1.001, 4.999, 1.999 ], "rotation": 90, "texture": "#obsidian" },
        "east":  { "uv": [ 11.001, 4.001, 11.999, 4.999 ], "texture": "#bugzapper" }
    }
},
{
    "__comment": "bug",
    "from": [ 14, 11, 11 ],
    "to": [ 15, 12, 12 ],
    "faces": {
        "down":  { "uv": [ 4.001, 1.001, 4.999, 1.999 ], "rotation": 90, "texture": "#obsidian" },
        "up":    { "uv": [ 11.001, 1.001, 11.999, 1.999 ], "rotation": 90, "texture": "#obsidian" },
        "north": { "uv": [ 11.001, 1.001, 11.999, 1.999 ], "rotation": 270, "texture": "#obsidian" },
        "south": { "uv": [ 4.001, 1.001, 4.999, 1.999 ], "rotation": 90, "texture": "#obsidian" },
        "east":  { "uv": [ 4.001, 4.001, 4.999, 4.999 ], "texture": "#bugzapper" }
    }
},
{
    "__comment": "bug",
    "from": [ 14, 10, 10 ],
    "to": [ 15, 11, 11 ],
    "faces": {
        "down":  { "uv": [ 5.001, 1.001, 5.999, 1.999 ], "rotation": 90, "texture": "#obsidian" },
        "up":    { "uv": [ 10.001, 1.001, 10.999, 1.999 ], "rotation": 90, "texture": "#obsidian" },
        "north": { "uv": [ 10.001, 1.001, 10.999, 1.999 ], "rotation": 270, "texture": "#obsidian" },
        "south": { "uv": [ 5.001, 1.001, 5.999, 1.999 ], "rotation": 90, "texture": "#obsidian" },
        "east":  { "uv": [ 5.001, 5.001, 5.999, 5.999 ], "texture": "#bugzapper" }
    }
},
{
    "__comment": "bug",
    "from": [ 14, 10, 5 ],
    "to": [ 15, 11, 6 ],
    "faces": {
        "down":  { "uv": [ 10.001, 1.001, 10.999, 1.999 ], "rotation": 90, "texture": "#obsidian" },
        "up":    { "uv": [ 5.001, 1.001, 5.999, 1.999 ], "rotation": 90, "texture": "#obsidian" },
        "north": { "uv": [ 10.001, 1.001, 10.999, 1.999 ], "rotation": 270, "texture": "#obsidian" },
        "south": { "uv": [ 5.001, 1.001, 5.999, 1.999 ], "rotation": 90, "texture": "#obsidian" },
        "east":  { "uv": [ 10.001, 5.001, 10.999, 5.999 ], "texture": "#bugzapper" }
    }
},
{
    "__comment": "bug",
    "from": [ 14, 8, 3 ],
    "to": [ 15, 9, 5 ],
    "faces": {
        "down":  { "uv": [ 11.001, 1.001, 12.999, 1.999 ], "rotation": 90, "texture": "#obsidian" },
        "up":    { "uv": [ 3.001, 1.001, 4.999, 1.999 ], "rotation": 90, "texture": "#obsidian" },
        "north": { "uv": [ 8.001, 1.001, 8.999, 1.999 ], "rotation": 270, "texture": "#obsidian" },
        "east":  { "uv": [ 11.001, 7.001, 12.999, 7.999 ], "texture": "#bugzapper" }
    }
},
{
    "__comment": "bug",
    "from": [ 14, 8, 11 ],
    "to": [ 15, 9, 13 ],
    "faces": {
        "down":  { "uv": [ 3.001, 1.001, 4.999, 1.999 ], "rotation": 90, "texture": "#obsidian" },
        "up":    { "uv": [ 11.001, 1.001, 12.999, 1.999 ], "rotation": 90, "texture": "#obsidian" },
        "south": { "uv": [ 7.001, 1.001, 7.999, 1.999 ], "rotation": 90, "texture": "#obsidian" },
        "east":  { "uv": [ 3.001, 7.001, 4.999, 7.999 ], "texture": "#bugzapper" }
    }
},
{
    "__comment": "bug",
    "from": [ 14, 7, 13 ],
    "to": [ 15, 8, 14 ],
    "faces": {
        "down":  { "uv": [ 2.001, 1.001, 2.999, 1.999 ], "rotation": 90, "texture": "#obsidian" },
        "up":    { "uv": [ 13.001, 1.001, 13.999, 1.999 ], "rotation": 90, "texture": "#obsidian" },
        "north": { "uv": [ 7.001, 1.001, 7.999, 1.999 ], "rotation": 270, "texture": "#obsidian" },
        "east":  { "uv": [ 2.001, 8.001, 2.999, 8.999 ], "texture": "#bugzapper" }
    }
},
{
    "__comment": "bug",
    "from": [ 14, 7, 2 ],
    "to": [ 15, 8, 3 ],
    "faces": {
        "down":  { "uv": [ 13.001, 1.001, 13.999, 1.999 ], "rotation": 90, "texture": "#obsidian" },
        "up":    { "uv": [ 2.001, 1.001, 2.999, 1.999 ], "rotation": 90, "texture": "#obsidian" },
        "south": { "uv": [ 8.001, 1.001, 8.999, 1.999 ], "rotation": 90, "texture": "#obsidian" },
        "east":  { "uv": [ 13.001, 8.001, 13.999, 8.999 ], "texture": "#bugzapper" }
    }
},
{
    "__comment": "bug",
    "from": [ 14, 6, 4 ],
    "to": [ 15, 7, 5 ],
    "faces": {
        "down":  { "uv": [ 11.001, 1.001, 11.999, 1.999 ], "rotation": 90, "texture": "#obsidian" },
        "up":    { "uv": [ 4.001, 1.001, 4.999, 1.999 ], "rotation": 90, "texture": "#obsidian" },
        "north": { "uv": [ 6.001, 1.001, 6.999, 1.999 ], "rotation": 270, "texture": "#obsidian" },
        "east":  { "uv": [ 11.001, 9.001, 11.999, 9.999 ], "texture": "#bugzapper" }
    }
},
{
    "__comment": "bug",
    "from": [ 14, 6, 11 ],
    "to": [ 15, 7, 12 ],
    "faces": {
        "down":  { "uv": [ 4.001, 1.001, 4.999, 1.999 ], "rotation": 90, "texture": "#obsidian" },
        "up":    { "uv": [ 11.001, 1.001, 11.999, 1.999 ], "rotation": 90, "texture": "#obsidian" },
        "south": { "uv": [ 9.001, 1.001, 9.999, 1.999 ], "rotation": 90, "texture": "#obsidian" },
        "east":  { "uv": [ 4.001, 9.001, 4.999, 9.999 ], "texture": "#bugzapper" }
    }
},
{
    "__comment": "bug",
    "from": [ 14, 5, 12 ],
    "to": [ 15, 6, 13 ],
    "faces": {
        "down":  { "uv": [ 3.001, 1.001, 3.999, 1.999 ], "rotation": 90, "texture": "#obsidian" },
        "up":    { "uv": [ 12.001, 1.001, 12.999, 1.999 ], "rotation": 90, "texture": "#obsidian" },
        "north": { "uv": [ 5.001, 1.001, 5.999, 1.999 ], "rotation": 270, "texture": "#obsidian" },
        "south": { "uv": [ 10.001, 1.001, 10.999, 1.999 ], "rotation": 90, "texture": "#obsidian" },
        "east":  { "uv": [ 3.001, 10.001, 3.999, 10.999 ], "texture": "#bugzapper" }
    }
},
{
    "__comment": "bug",
    "from": [ 14, 5, 3 ],
    "to": [ 15, 6, 4 ],
    "faces": {
        "down":  { "uv": [ 12.001, 1.001, 12.999, 1.999 ], "rotation": 90, "texture": "#obsidian" },
        "up":    { "uv": [ 3.001, 1.001, 3.999, 1.999 ], "rotation": 90, "texture": "#obsidian" },
        "north": { "uv": [ 5.001, 1.001, 5.999, 1.999 ], "rotation": 270, "texture": "#obsidian" },
        "south": { "uv": [ 10.001, 1.001, 10.999, 1.999 ], "rotation": 90, "texture": "#obsidian" },
        "east":  { "uv": [ 12.001, 10.001, 12.999, 10.999 ], "texture": "#bugzapper" }
    }
},
{
    "__comment": "bug",
    "from": [ 14, 3, 2 ],
    "to": [ 15, 5, 3 ],
    "faces": {
        "down":  { "uv": [ 13.001, 1.001, 13.999, 1.999 ], "rotation": 90, "texture": "#obsidian" },
        "up":    { "uv": [ 2.001, 1.001, 2.999, 1.999 ], "rotation": 90, "texture": "#obsidian" },
        "south": { "uv": [ 11.001, 1.001, 12.999, 1.999 ], "rotation": 90, "texture": "#obsidian" },
        "east":  { "uv": [ 13.001, 11.001, 13.999, 12.999 ], "texture": "#bugzapper" }
    }
},
{
    "__comment": "bug",
    "from": [ 14, 3, 13 ],
    "to": [ 15, 5, 14 ],
    "faces": {
        "down":  { "uv": [ 2.001, 1.001, 2.999, 1.999 ], "rotation": 90, "texture": "#obsidian" },
        "up":    { "uv": [ 13.001, 1.001, 13.999, 1.999 ], "rotation": 90, "texture": "#obsidian" },
        "north": { "uv": [ 3.001, 1.001, 4.999, 1.999 ], "rotation": 270, "texture": "#obsidian" },
        "east":  { "uv": [ 2.001, 11.001, 2.999, 12.999 ], "texture": "#bugzapper" }
    }
},
{
    "__comment": "bug",
    "from": [ 7, 13, 0 ],
    "to": [ 9, 14, 2 ],
    "faces": {
        "north": { "uv": [ 7.001, 2.001, 8.999, 2.999 ], "texture": "#bugzapper", "cullface": "north" },
        "west":  { "uv": [ 13.001, 0.001, 13.999, 1.999 ], "rotation": 270, "texture": "#obsidian" },
        "east":  { "uv": [ 2.001, 0.001, 2.999, 1.999 ], "rotation": 90, "texture": "#obsidian" }
    }
},
{
    "__comment": "bug",
    "from": [ 6, 11, 0 ],
    "to": [ 10, 13, 2 ],
    "faces": {
        "down":  { "uv": [ 6.001, 0.001, 9.999, 1.999 ], "rotation": 180, "texture": "#obsidian" },
        "up":    { "uv": [ 6.001, 0.001, 9.999, 1.999 ], "texture": "#obsidian" },
        "north": { "uv": [ 6.001, 3.001, 9.999, 4.999 ], "texture": "#bugzapper", "cullface": "north" },
        "west":  { "uv": [ 11.001, 0.001, 12.999, 1.999 ], "rotation": 270, "texture": "#obsidian" },
        "east":  { "uv": [ 3.001, 0.001, 4.999, 1.999 ], "rotation": 90, "texture": "#obsidian" }
    }
},
{
    "__comment": "bug",
    "from": [ 7, 10, 0.5 ],
    "to": [ 9, 11, 2 ],
    "faces": {
        "north": { "uv": [ 7.001, 5.001, 8.999, 5.999 ], "texture": "#bugzapper" },
        "west":  { "uv": [ 10.001, 0.001, 10.999, 1.999 ], "rotation": 270, "texture": "#obsidian" },
        "east":  { "uv": [ 5.001, 0.001, 5.999, 1.999 ], "rotation": 90, "texture": "#obsidian" }
    }
},
{
    "__comment": "bug",
    "from": [ 6, 9, 0 ],
    "to": [ 10, 10, 2 ],
    "faces": {
        "up":    { "uv": [ 6.001, 0.001, 9.999, 1.999 ], "texture": "#obsidian" },
        "north": { "uv": [ 6.001, 6.001, 9.999, 6.999 ], "texture": "#bugzapper", "cullface": "north" },
        "west":  { "uv": [ 9.001, 0.001, 9.999, 1.999 ], "rotation": 270, "texture": "#obsidian" },
        "east":  { "uv": [ 6.001, 0.001, 6.999, 1.999 ], "rotation": 90, "texture": "#obsidian" }
    }
},
{
    "__comment": "bug",
    "from": [ 5, 4, 0 ],
    "to": [ 11, 9, 2 ],
    "faces": {
        "down":  { "uv": [ 5.001, 0.001, 10.999, 1.999 ], "rotation": 180, "texture": "#obsidian" },
        "up":    { "uv": [ 5.001, 0.001, 10.999, 1.999 ], "texture": "#obsidian" },
        "north": { "uv": [ 5.001, 7.001, 10.999, 11.999 ], "texture": "#bugzapper", "cullface": "north" },
        "west":  { "uv": [ 4.001, 0.001, 8.999, 1.999 ], "rotation": 270, "texture": "#obsidian" },
        "east":  { "uv": [ 7.001, 0.001, 11.999, 1.999 ], "rotation": 90, "texture": "#obsidian" }
    }
},
{
    "__comment": "bug",
    "from": [ 6, 3, 0.5 ],
    "to": [ 10, 4, 2 ],
    "faces": {
        "down":  { "uv": [ 6.001, 0.001, 9.999, 1.999 ], "rotation": 180, "texture": "#obsidian" },
        "north": { "uv": [ 6.001, 12.001, 9.999, 12.999 ], "texture": "#bugzapper" },
        "west":  { "uv": [ 3.001, 0.001, 3.999, 1.999 ], "rotation": 270, "texture": "#obsidian" },
        "east":  { "uv": [ 12.001, 0.001, 12.999, 1.999 ], "rotation": 90, "texture": "#obsidian" }
    }
},
{
    "__comment": "bug",
    "from": [ 7, 2, 1 ],
    "to": [ 9, 3, 2 ],
    "faces": {
        "north": { "uv": [ 7.001, 13.001, 8.999, 13.999 ], "texture": "#bugzapper" },
        "west":  { "uv": [ 2.001, 0.001, 2.999, 1.999 ], "rotation": 270, "texture": "#obsidian" },
        "east":  { "uv": [ 13.001, 0.001, 13.999, 1.999 ], "rotation": 90, "texture": "#obsidian" }
    }
},
{
    "__comment": "bug",
    "from": [ 12, 12, 1 ],
    "to": [ 13, 13, 2 ],
    "faces": {
        "down":  { "uv": [ 3.001, 1.001, 3.999, 1.999 ], "rotation": 180, "texture": "#obsidian" },
        "up":    { "uv": [ 12.001, 1.001, 12.999, 1.999 ], "texture": "#obsidian" },
        "north": { "uv": [ 3.001, 3.001, 3.999, 3.999 ], "texture": "#bugzapper" },
        "west":  { "uv": [ 12.001, 1.001, 12.999, 1.999 ], "rotation": 270, "texture": "#obsidian" },
        "east":  { "uv": [ 3.001, 1.001, 3.999, 1.999 ], "rotation": 90, "texture": "#obsidian" }
    }
},
{
    "__comment": "bug",
    "from": [ 3, 12, 1 ],
    "to": [ 4, 13, 2 ],
    "faces": {
        "down":  { "uv": [ 12.001, 1.001, 12.999, 1.999 ], "rotation": 180, "texture": "#obsidian" },
        "up":    { "uv": [ 3.001, 1.001, 3.999, 1.999 ], "texture": "#obsidian" },
        "north": { "uv": [ 12.001, 3.001, 12.999, 3.999 ], "texture": "#bugzapper" },
        "west":  { "uv": [ 12.001, 1.001, 12.999, 1.999 ], "rotation": 270, "texture": "#obsidian" },
        "east":  { "uv": [ 3.001, 1.001, 3.999, 1.999 ], "rotation": 90, "texture": "#obsidian" }
    }
},
{
    "__comment": "bug",
    "from": [ 4, 11, 1 ],
    "to": [ 5, 12, 2 ],
    "faces": {
        "down":  { "uv": [ 11.001, 1.001, 11.999, 1.999 ], "rotation": 180, "texture": "#obsidian" },
        "up":    { "uv": [ 4.001, 1.001, 4.999, 1.999 ], "texture": "#obsidian" },
        "north": { "uv": [ 11.001, 4.001, 11.999, 4.999 ], "texture": "#bugzapper" },
        "west":  { "uv": [ 11.001, 1.001, 11.999, 1.999 ], "rotation": 270, "texture": "#obsidian" },
        "east":  { "uv": [ 4.001, 1.001, 4.999, 1.999 ], "rotation": 90, "texture": "#obsidian" }
    }
},
{
    "__comment": "bug",
    "from": [ 11, 11, 1 ],
    "to": [ 12, 12, 2 ],
    "faces": {
        "down":  { "uv": [ 4.001, 1.001, 4.999, 1.999 ], "rotation": 180, "texture": "#obsidian" },
        "up":    { "uv": [ 11.001, 1.001, 11.999, 1.999 ], "texture": "#obsidian" },
        "north": { "uv": [ 4.001, 4.001, 4.999, 4.999 ], "texture": "#bugzapper" },
        "west":  { "uv": [ 11.001, 1.001, 11.999, 1.999 ], "rotation": 270, "texture": "#obsidian" },
        "east":  { "uv": [ 4.001, 1.001, 4.999, 1.999 ], "rotation": 90, "texture": "#obsidian" }
    }
},
{
    "__comment": "bug",
    "from": [ 10, 10, 1 ],
    "to": [ 11, 11, 2 ],
    "faces": {
        "down":  { "uv": [ 5.001, 1.001, 5.999, 1.999 ], "rotation": 180, "texture": "#obsidian" },
        "up":    { "uv": [ 10.001, 1.001, 10.999, 1.999 ], "texture": "#obsidian" },
        "north": { "uv": [ 5.001, 5.001, 5.999, 5.999 ], "texture": "#bugzapper" },
        "west":  { "uv": [ 10.001, 1.001, 10.999, 1.999 ], "rotation": 270, "texture": "#obsidian" },
        "east":  { "uv": [ 5.001, 1.001, 5.999, 1.999 ], "rotation": 90, "texture": "#obsidian" }
    }
},
{
    "__comment": "bug",
    "from": [ 5, 10, 1 ],
    "to": [ 6, 11, 2 ],
    "faces": {
        "down":  { "uv": [ 10.001, 1.001, 10.999, 1.999 ], "rotation": 180, "texture": "#obsidian" },
        "up":    { "uv": [ 5.001, 1.001, 5.999, 1.999 ], "texture": "#obsidian" },
        "north": { "uv": [ 10.001, 5.001, 10.999, 5.999 ], "texture": "#bugzapper" },
        "west":  { "uv": [ 10.001, 1.001, 10.999, 1.999 ], "rotation": 270, "texture": "#obsidian" },
        "east":  { "uv": [ 5.001, 1.001, 5.999, 1.999 ], "rotation": 90, "texture": "#obsidian" }
    }
},
{
    "__comment": "bug",
    "from": [ 3, 8, 1 ],
    "to": [ 5, 9, 2 ],
    "faces": {
        "down":  { "uv": [ 11.001, 1.001, 12.999, 1.999 ], "rotation": 180, "texture": "#obsidian" },
        "up":    { "uv": [ 3.001, 1.001, 4.999, 1.999 ], "texture": "#obsidian" },
        "north": { "uv": [ 11.001, 7.001, 12.999, 7.999 ], "texture": "#bugzapper" },
        "west":  { "uv": [ 8.001, 1.001, 8.999, 1.999 ], "rotation": 270, "texture": "#obsidian" }
    }
},
{
    "__comment": "bug",
    "from": [ 11, 8, 1 ],
    "to": [ 13, 9, 2 ],
    "faces": {
        "down":  { "uv": [ 3.001, 1.001, 4.999, 1.999 ], "rotation": 180, "texture": "#obsidian" },
        "up":    { "uv": [ 11.001, 1.001, 12.999, 1.999 ], "texture": "#obsidian" },
        "north": { "uv": [ 3.001, 7.001, 4.999, 7.999 ], "texture": "#bugzapper" },
        "east":  { "uv": [ 7.001, 1.001, 7.999, 1.999 ], "rotation": 90, "texture": "#obsidian" }
    }
},
{
    "__comment": "bug",
    "from": [ 13, 7, 1 ],
    "to": [ 14, 8, 2 ],
    "faces": {
        "down":  { "uv": [ 2.001, 1.001, 2.999, 1.999 ], "rotation": 180, "texture": "#obsidian" },
        "up":    { "uv": [ 13.001, 1.001, 13.999, 1.999 ], "texture": "#obsidian" },
        "north": { "uv": [ 2.001, 8.001, 2.999, 8.999 ], "texture": "#bugzapper" },
        "west":  { "uv": [ 7.001, 1.001, 7.999, 1.999 ], "rotation": 270, "texture": "#obsidian" }
    }
},
{
    "__comment": "bug",
    "from": [ 2, 7, 1 ],
    "to": [ 3, 8, 2 ],
    "faces": {
        "down":  { "uv": [ 13.001, 1.001, 13.999, 1.999 ], "rotation": 180, "texture": "#obsidian" },
        "up":    { "uv": [ 2.001, 1.001, 2.999, 1.999 ], "texture": "#obsidian" },
        "north": { "uv": [ 13.001, 8.001, 13.999, 8.999 ], "texture": "#bugzapper" },
        "east":  { "uv": [ 8.001, 1.001, 8.999, 1.999 ], "rotation": 90, "texture": "#obsidian" }
    }
},
{
    "__comment": "bug",
    "from": [ 4, 6, 1 ],
    "to": [ 5, 7, 2 ],
    "faces": {
        "down":  { "uv": [ 11.001, 1.001, 11.999, 1.999 ], "rotation": 180, "texture": "#obsidian" },
        "up":    { "uv": [ 4.001, 1.001, 4.999, 1.999 ], "texture": "#obsidian" },
        "north": { "uv": [ 11.001, 9.001, 11.999, 9.999 ], "texture": "#bugzapper" },
        "west":  { "uv": [ 6.001, 1.001, 6.999, 1.999 ], "rotation": 270, "texture": "#obsidian" }
    }
},
{
    "__comment": "bug",
    "from": [ 11, 6, 1 ],
    "to": [ 12, 7, 2 ],
    "faces": {
        "down":  { "uv": [ 4.001, 1.001, 4.999, 1.999 ], "rotation": 180, "texture": "#obsidian" },
        "up":    { "uv": [ 11.001, 1.001, 11.999, 1.999 ], "texture": "#obsidian" },
        "north": { "uv": [ 4.001, 9.001, 4.999, 9.999 ], "texture": "#bugzapper" },
        "east":  { "uv": [ 9.001, 1.001, 9.999, 1.999 ], "rotation": 90, "texture": "#obsidian" }
    }
},
{
    "__comment": "bug",
    "from": [ 12, 5, 1 ],
    "to": [ 13, 6, 2 ],
    "faces": {
        "down":  { "uv": [ 3.001, 1.001, 3.999, 1.999 ], "rotation": 180, "texture": "#obsidian" },
        "up":    { "uv": [ 12.001, 1.001, 12.999, 1.999 ], "texture": "#obsidian" },
        "north": { "uv": [ 3.001, 10.001, 3.999, 10.999 ], "texture": "#bugzapper" },
        "west":  { "uv": [ 5.001, 1.001, 5.999, 1.999 ], "rotation": 270, "texture": "#obsidian" },
        "east":  { "uv": [ 10.001, 1.001, 10.999, 1.999 ], "rotation": 90, "texture": "#obsidian" }
    }
},
{
    "__comment": "bug",
    "from": [ 3, 5, 1 ],
    "to": [ 4, 6, 2 ],
    "faces": {
        "down":  { "uv": [ 12.001, 1.001, 12.999, 1.999 ], "rotation": 180, "texture": "#obsidian" },
        "up":    { "uv": [ 3.001, 1.001, 3.999, 1.999 ], "texture": "#obsidian" },
        "north": { "uv": [ 12.001, 10.001, 12.999, 10.999 ], "texture": "#bugzapper" },
        "west":  { "uv": [ 5.001, 1.001, 5.999, 1.999 ], "rotation": 270, "texture": "#obsidian" },
        "east":  { "uv": [ 10.001, 1.001, 10.999, 1.999 ], "rotation": 90, "texture": "#obsidian" }
    }
},
{
    "__comment": "bug",
    "from": [ 2, 3, 1 ],
    "to": [ 3, 5, 2 ],
    "faces": {
        "down":  { "uv": [ 13.001, 1.001, 13.999, 1.999 ], "rotation": 180, "texture": "#obsidian" },
        "up":    { "uv": [ 2.001, 1.001, 2.999, 1.999 ], "texture": "#obsidian" },
        "north": { "uv": [ 13.001, 11.001, 13.999, 12.999 ], "texture": "#bugzapper" },
        "east":  { "uv": [ 11.001, 1.001, 12.999, 1.999 ], "rotation": 90, "texture": "#obsidian" }
    }
},
{
    "__comment": "bug",
    "from": [ 13, 3, 1 ],
    "to": [ 14, 5, 2 ],
    "faces": {
        "down":  { "uv": [ 2.001, 1.001, 2.999, 1.999 ], "rotation": 180, "texture": "#obsidian" },
        "up":    { "uv": [ 13.001, 1.001, 13.999, 1.999 ], "texture": "#obsidian" },
        "north": { "uv": [ 2.001, 11.001, 2.999, 12.999 ], "texture": "#bugzapper" },
        "west":  { "uv": [ 3.001, 1.001, 4.999, 1.999 ], "rotation": 270, "texture": "#obsidian" }
    }
},
{
    "__comment": "bug",
    "from": [ 7, 13, 14 ],
    "to": [ 9, 14, 16 ],
    "faces": {
        "south": { "uv": [ 7.001, 2.001, 8.999, 2.999 ], "texture": "#bugzapper", "cullface": "south" },
        "west":  { "uv": [ 2.001, 0.001, 2.999, 1.999 ], "rotation": 90, "texture": "#obsidian" },
        "east":  { "uv": [ 13.001, 0.001, 13.999, 1.999 ], "rotation": 270, "texture": "#obsidian" }
    }
},
{
    "__comment": "bug",
    "from": [ 6, 11, 14 ],
    "to": [ 10, 13, 16 ],
    "faces": {
        "down":  { "uv": [ 6.001, 0.001, 9.999, 1.999 ], "texture": "#obsidian" },
        "up":    { "uv": [ 6.001, 0.001, 9.999, 1.999 ], "rotation": 180, "texture": "#obsidian" },
        "south": { "uv": [ 6.001, 3.001, 9.999, 4.999 ], "texture": "#bugzapper", "cullface": "south" },
        "west":  { "uv": [ 3.001, 0.001, 4.999, 1.999 ], "rotation": 90, "texture": "#obsidian" },
        "east":  { "uv": [ 11.001, 0.001, 12.999, 1.999 ], "rotation": 270, "texture": "#obsidian" }
    }
},
{
    "__comment": "bug",
    "from": [ 7, 10, 14 ],
    "to": [ 9, 11, 15.5 ],
    "faces": {
        "south": { "uv": [ 7.001, 5.001, 8.999, 5.999 ], "texture": "#bugzapper" },
        "west":  { "uv": [ 5.001, 0.001, 5.999, 1.999 ], "rotation": 90, "texture": "#obsidian" },
        "east":  { "uv": [ 10.001, 0.001, 10.999, 1.999 ], "rotation": 270, "texture": "#obsidian" }
    }
},
{
    "__comment": "bug",
    "from": [ 6, 9, 14 ],
    "to": [ 10, 10, 16 ],
    "faces": {
        "up":    { "uv": [ 6.001, 0.001, 9.999, 1.999 ], "rotation": 180, "texture": "#obsidian" },
        "south": { "uv": [ 6.001, 6.001, 9.999, 6.999 ], "texture": "#bugzapper", "cullface": "south" },
        "west":  { "uv": [ 6.001, 0.001, 6.999, 1.999 ], "rotation": 90, "texture": "#obsidian" },
        "east":  { "uv": [ 9.001, 0.001, 9.999, 1.999 ], "rotation": 270, "texture": "#obsidian" }
    }
},
{
    "__comment": "bug",
    "from": [ 5, 4, 14 ],
    "to": [ 11, 9, 16 ],
    "faces": {
        "down":  { "uv": [ 5.001, 0.001, 10.999, 1.999 ], "texture": "#obsidian" },
        "up":    { "uv": [ 5.001, 0.001, 10.999, 1.999 ], "rotation": 180, "texture": "#obsidian" },
        "south": { "uv": [ 5.001, 7.001, 10.999, 11.999 ], "texture": "#bugzapper", "cullface": "south" },
        "west":  { "uv": [ 7.001, 0.001, 11.999, 1.999 ], "rotation": 90, "texture": "#obsidian" },
        "east":  { "uv": [ 4.001, 0.001, 8.999, 1.999 ], "rotation": 270, "texture": "#obsidian" }
    }
},
{
    "__comment": "bug",
    "from": [ 6, 3, 14 ],
    "to": [ 10, 4, 15.5 ],
    "faces": {
        "down":  { "uv": [ 6.001, 0.001, 9.999, 1.999 ], "texture": "#obsidian" },
        "south": { "uv": [ 6.001, 12.001, 9.999, 12.999 ], "texture": "#bugzapper" },
        "west":  { "uv": [ 12.001, 0.001, 12.999, 1.999 ], "rotation": 90, "texture": "#obsidian" },
        "east":  { "uv": [ 3.001, 0.001, 3.999, 1.999 ], "rotation": 270, "texture": "#obsidian" }
    }
},
{
    "__comment": "bug",
    "from": [ 7, 2, 14 ],
    "to": [ 9, 3, 15 ],
    "faces": {
        "south": { "uv": [ 7.001, 13.001, 8.999, 13.999 ], "texture": "#bugzapper" },
        "west":  { "uv": [ 13.001, 0.001, 13.999, 1.999 ], "rotation": 90, "texture": "#obsidian" },
        "east":  { "uv": [ 2.001, 0.001, 2.999, 1.999 ], "rotation": 270, "texture": "#obsidian" }
    }
},
{
    "__comment": "bug",
    "from": [ 3, 12, 14 ],
    "to": [ 4, 13, 15 ],
    "faces": {
        "down":  { "uv": [ 3.001, 1.001, 3.999, 1.999 ], "texture": "#obsidian" },
        "up":    { "uv": [ 12.001, 1.001, 12.999, 1.999 ], "rotation": 180, "texture": "#obsidian" },
        "south": { "uv": [ 3.001, 3.001, 3.999, 3.999 ], "texture": "#bugzapper" },
        "west":  { "uv": [ 3.001, 1.001, 3.999, 1.999 ], "rotation": 90, "texture": "#obsidian" },
        "east":  { "uv": [ 12.001, 1.001, 12.999, 1.999 ], "rotation": 270, "texture": "#obsidian" }
    }
},
{
    "__comment": "bug",
    "from": [ 12, 12, 14 ],
    "to": [ 13, 13, 15 ],
    "faces": {
        "down":  { "uv": [ 12.001, 1.001, 12.999, 1.999 ], "texture": "#obsidian" },
        "up":    { "uv": [ 3.001, 1.001, 3.999, 1.999 ], "rotation": 180, "texture": "#obsidian" },
        "south": { "uv": [ 12.001, 3.001, 12.999, 3.999 ], "texture": "#bugzapper" },
        "west":  { "uv": [ 3.001, 1.001, 3.999, 1.999 ], "rotation": 90, "texture": "#obsidian" },
        "east":  { "uv": [ 12.001, 1.001, 12.999, 1.999 ], "rotation": 270, "texture": "#obsidian" }
    }
},
{
    "__comment": "bug",
    "from": [ 11, 11, 14 ],
    "to": [ 12, 12, 15 ],
    "faces": {
        "down":  { "uv": [ 11.001, 1.001, 11.999, 1.999 ], "texture": "#obsidian" },
        "up":    { "uv": [ 4.001, 1.001, 4.999, 1.999 ], "rotation": 180, "texture": "#obsidian" },
        "south": { "uv": [ 11.001, 4.001, 11.999, 4.999 ], "texture": "#bugzapper" },
        "west":  { "uv": [ 4.001, 1.001, 4.999, 1.999 ], "rotation": 90, "texture": "#obsidian" },
        "east":  { "uv": [ 11.001, 1.001, 11.999, 1.999 ], "rotation": 270, "texture": "#obsidian" }
    }
},
{
    "__comment": "bug",
    "from": [ 4, 11, 14 ],
    "to": [ 5, 12, 15 ],
    "faces": {
        "down":  { "uv": [ 4.001, 1.001, 4.999, 1.999 ], "texture": "#obsidian" },
        "up":    { "uv": [ 11.001, 1.001, 11.999, 1.999 ], "rotation": 180, "texture": "#obsidian" },
        "south": { "uv": [ 4.001, 4.001, 4.999, 4.999 ], "texture": "#bugzapper" },
        "west":  { "uv": [ 4.001, 1.001, 4.999, 1.999 ], "rotation": 90, "texture": "#obsidian" },
        "east":  { "uv": [ 11.001, 1.001, 11.999, 1.999 ], "rotation": 270, "texture": "#obsidian" }
    }
},
{
    "__comment": "bug",
    "from": [ 5, 10, 14 ],
    "to": [ 6, 11, 15 ],
    "faces": {
        "down":  { "uv": [ 5.001, 1.001, 5.999, 1.999 ], "texture": "#obsidian" },
        "up":    { "uv": [ 10.001, 1.001, 10.999, 1.999 ], "rotation": 180, "texture": "#obsidian" },
        "south": { "uv": [ 5.001, 5.001, 5.999, 5.999 ], "texture": "#bugzapper" },
        "west":  { "uv": [ 5.001, 1.001, 5.999, 1.999 ], "rotation": 90, "texture": "#obsidian" },
        "east":  { "uv": [ 10.001, 1.001, 10.999, 1.999 ], "rotation": 270, "texture": "#obsidian" }
    }
},
{
    "__comment": "bug",
    "from": [ 10, 10, 14 ],
    "to": [ 11, 11, 15 ],
    "faces": {
        "down":  { "uv": [ 10.001, 1.001, 10.999, 1.999 ], "texture": "#obsidian" },
        "up":    { "uv": [ 5.001, 1.001, 5.999, 1.999 ], "rotation": 180, "texture": "#obsidian" },
        "south": { "uv": [ 10.001, 5.001, 10.999, 5.999 ], "texture": "#bugzapper" },
        "west":  { "uv": [ 5.001, 1.001, 5.999, 1.999 ], "rotation": 90, "texture": "#obsidian" },
        "east":  { "uv": [ 10.001, 1.001, 10.999, 1.999 ], "rotation": 270, "texture": "#obsidian" }
    }
},
{
    "__comment": "bug",
    "from": [ 11, 8, 14 ],
    "to": [ 13, 9, 15 ],
    "faces": {
        "down":  { "uv": [ 11.001, 1.001, 12.999, 1.999 ], "texture": "#obsidian" },
        "up":    { "uv": [ 3.001, 1.001, 4.999, 1.999 ], "rotation": 180, "texture": "#obsidian" },
        "south": { "uv": [ 11.001, 7.001, 12.999, 7.999 ], "texture": "#bugzapper" },
        "east":  { "uv": [ 8.001, 1.001, 8.999, 1.999 ], "rotation": 270, "texture": "#obsidian" }
    }
},
{
    "__comment": "bug",
    "from": [ 3, 8, 14 ],
    "to": [ 5, 9, 15 ],
    "faces": {
        "down":  { "uv": [ 3.001, 1.001, 4.999, 1.999 ], "texture": "#obsidian" },
        "up":    { "uv": [ 11.001, 1.001, 12.999, 1.999 ], "rotation": 180, "texture": "#obsidian" },
        "south": { "uv": [ 3.001, 7.001, 4.999, 7.999 ], "texture": "#bugzapper" },
        "west":  { "uv": [ 7.001, 1.001, 7.999, 1.999 ], "rotation": 90, "texture": "#obsidian" }
    }
},
{
    "__comment": "bug",
    "from": [ 2, 7, 14 ],
    "to": [ 3, 8, 15 ],
    "faces": {
        "down":  { "uv": [ 2.001, 1.001, 2.999, 1.999 ], "texture": "#obsidian" },
        "up":    { "uv": [ 13.001, 1.001, 13.999, 1.999 ], "rotation": 180, "texture": "#obsidian" },
        "south": { "uv": [ 2.001, 8.001, 2.999, 8.999 ], "texture": "#bugzapper" },
        "east":  { "uv": [ 7.001, 1.001, 7.999, 1.999 ], "rotation": 270, "texture": "#obsidian" }
    }
},
{
    "__comment": "bug",
    "from": [ 13, 7, 14 ],
    "to": [ 14, 8, 15 ],
    "faces": {
        "down":  { "uv": [ 13.001, 1.001, 13.999, 1.999 ], "texture": "#obsidian" },
        "up":    { "uv": [ 2.001, 1.001, 2.999, 1.999 ], "rotation": 180, "texture": "#obsidian" },
        "south": { "uv": [ 13.001, 8.001, 13.999, 8.999 ], "texture": "#bugzapper" },
        "west":  { "uv": [ 8.001, 1.001, 8.999, 1.999 ], "rotation": 90, "texture": "#obsidian" }
    }
},
{
    "__comment": "bug",
    "from": [ 11, 6, 14 ],
    "to": [ 12, 7, 15 ],
    "faces": {
        "down":  { "uv": [ 11.001, 1.001, 11.999, 1.999 ], "texture": "#obsidian" },
        "up":    { "uv": [ 4.001, 1.001, 4.999, 1.999 ], "rotation": 180, "texture": "#obsidian" },
        "south": { "uv": [ 11.001, 9.001, 11.999, 9.999 ], "texture": "#bugzapper" },
        "east":  { "uv": [ 6.001, 1.001, 6.999, 1.999 ], "rotation": 270, "texture": "#obsidian" }
    }
},
{
    "__comment": "bug",
    "from": [ 4, 6, 14 ],
    "to": [ 5, 7, 15 ],
    "faces": {
        "down":  { "uv": [ 4.001, 1.001, 4.999, 1.999 ], "texture": "#obsidian" },
        "up":    { "uv": [ 11.001, 1.001, 11.999, 1.999 ], "rotation": 180, "texture": "#obsidian" },
        "south": { "uv": [ 4.001, 9.001, 4.999, 9.999 ], "texture": "#bugzapper" },
        "west":  { "uv": [ 9.001, 1.001, 9.999, 1.999 ], "rotation": 90, "texture": "#obsidian" }
    }
},
{
    "__comment": "bug",
    "from": [ 3, 5, 14 ],
    "to": [ 4, 6, 15 ],
    "faces": {
        "down":  { "uv": [ 3.001, 1.001, 3.999, 1.999 ], "texture": "#obsidian" },
        "up":    { "uv": [ 12.001, 1.001, 12.999, 1.999 ], "rotation": 180, "texture": "#obsidian" },
        "south": { "uv": [ 3.001, 10.001, 3.999, 10.999 ], "texture": "#bugzapper" },
        "west":  { "uv": [ 10.001, 1.001, 10.999, 1.999 ], "rotation": 90, "texture": "#obsidian" },
        "east":  { "uv": [ 5.001, 1.001, 5.999, 1.999 ], "rotation": 270, "texture": "#obsidian" }
    }
},
{
    "__comment": "bug",
    "from": [ 12, 5, 14 ],
    "to": [ 13, 6, 15 ],
    "faces": {
        "down":  { "uv": [ 12.001, 1.001, 12.999, 1.999 ], "texture": "#obsidian" },
        "up":    { "uv": [ 3.001, 1.001, 3.999, 1.999 ], "rotation": 180, "texture": "#obsidian" },
        "south": { "uv": [ 12.001, 10.001, 12.999, 10.999 ], "texture": "#bugzapper" },
        "west":  { "uv": [ 10.001, 1.001, 10.999, 1.999 ], "rotation": 90, "texture": "#obsidian" },
        "east":  { "uv": [ 5.001, 1.001, 5.999, 1.999 ], "rotation": 270, "texture": "#obsidian" }
    }
},
{
    "__comment": "bug",
    "from": [ 13, 3, 14 ],
    "to": [ 14, 5, 15 ],
    "faces": {
        "down":  { "uv": [ 13.001, 1.001, 13.999, 1.999 ], "texture": "#obsidian" },
        "up":    { "uv": [ 2.001, 1.001, 2.999, 1.999 ], "rotation": 180, "texture": "#obsidian" },
        "south": { "uv": [ 13.001, 11.001, 13.999, 12.999 ], "texture": "#bugzapper" },
        "west":  { "uv": [ 11.001, 1.001, 12.999, 1.999 ], "rotation": 90, "texture": "#obsidian" }
    }
},
{
    "__comment": "bug",
    "from": [ 2, 3, 14 ],
    "to": [ 3, 5, 15 ],
    "faces": {
        "down":  { "uv": [ 2.001, 1.001, 2.999, 1.999 ], "texture": "#obsidian" },
        "up":    { "uv": [ 13.001, 1.001, 13.999, 1.999 ], "rotation": 180, "texture": "#obsidian" },
        "south": { "uv": [ 2.001, 11.001, 2.999, 12.999 ], "texture": "#bugzapper" },
        "east":  { "uv": [ 3.001, 1.001, 4.999, 1.999 ], "rotation": 270, "texture": "#obsidian" }
    }
},
{
    "__comment": "bug",
    "from": [ 0, 13, 7 ],
    "to": [ 2, 14, 9 ],
    "faces": {
        "north": { "uv": [ 2.001, 0.001, 2.999, 1.999 ], "rotation": 90, "texture": "#obsidian" },
        "south": { "uv": [ 13.001, 0.001, 13.999, 1.999 ], "rotation": 270, "texture": "#obsidian" },
        "west":  { "uv": [ 7.001, 2.001, 8.999, 2.999 ], "texture": "#bugzapper", "cullface": "west" }
    }
},
{
    "__comment": "bug",
    "from": [ 0, 11, 6 ],
    "to": [ 2, 13, 10 ],
    "faces": {
        "down":  { "uv": [ 6.001, 0.001, 9.999, 1.999 ], "rotation": 270, "texture": "#obsidian" },
        "up":    { "uv": [ 6.001, 0.001, 9.999, 1.999 ], "rotation": 270, "texture": "#obsidian" },
        "north": { "uv": [ 3.001, 0.001, 4.999, 1.999 ], "rotation": 90, "texture": "#obsidian" },
        "south": { "uv": [ 11.001, 0.001, 12.999, 1.999 ], "rotation": 270, "texture": "#obsidian" },
        "west":  { "uv": [ 6.001, 3.001, 9.999, 4.999 ], "texture": "#bugzapper", "cullface": "west" }
    }
},
{
    "__comment": "bug",
    "from": [ 0.5, 10, 7 ],
    "to": [ 2, 11, 9 ],
    "faces": {
        "north": { "uv": [ 5.001, 0.001, 5.999, 1.999 ], "rotation": 90, "texture": "#obsidian" },
        "south": { "uv": [ 10.001, 0.001, 10.999, 1.999 ], "rotation": 270, "texture": "#obsidian" },
        "west":  { "uv": [ 7.001, 5.001, 8.999, 5.999 ], "texture": "#bugzapper" }
    }
},
{
    "__comment": "bug",
    "from": [ 0, 9, 6 ],
    "to": [ 2, 10, 10 ],
    "faces": {
        "up":    { "uv": [ 6.001, 0.001, 9.999, 1.999 ], "rotation": 270, "texture": "#obsidian" },
        "north": { "uv": [ 6.001, 0.001, 6.999, 1.999 ], "rotation": 90, "texture": "#obsidian" },
        "south": { "uv": [ 9.001, 0.001, 9.999, 1.999 ], "rotation": 270, "texture": "#obsidian" },
        "west":  { "uv": [ 6.001, 6.001, 9.999, 6.999 ], "texture": "#bugzapper", "cullface": "west" }
    }
},
{
    "__comment": "bug",
    "from": [ 0, 4, 5 ],
    "to": [ 2, 9, 11 ],
    "faces": {
        "down":  { "uv": [ 5.001, 0.001, 10.999, 1.999 ], "rotation": 270, "texture": "#obsidian" },
        "up":    { "uv": [ 5.001, 0.001, 10.999, 1.999 ], "rotation": 270, "texture": "#obsidian" },
        "north": { "uv": [ 7.001, 0.001, 11.999, 1.999 ], "rotation": 90, "texture": "#obsidian" },
        "south": { "uv": [ 4.001, 0.001, 8.999, 1.999 ], "rotation": 270, "texture": "#obsidian" },
        "west":  { "uv": [ 5.001, 7.001, 10.999, 11.999 ], "texture": "#bugzapper", "cullface": "west" }
    }
},
{
    "__comment": "bug",
    "from": [ 0.5, 3, 6 ],
    "to": [ 2, 4, 10 ],
    "faces": {
        "down":  { "uv": [ 6.001, 0.001, 9.999, 1.999 ], "rotation": 270, "texture": "#obsidian" },
        "north": { "uv": [ 12.001, 0.001, 12.999, 1.999 ], "rotation": 90, "texture": "#obsidian" },
        "south": { "uv": [ 3.001, 0.001, 3.999, 1.999 ], "rotation": 270, "texture": "#obsidian" },
        "west":  { "uv": [ 6.001, 12.001, 9.999, 12.999 ], "texture": "#bugzapper" }
    }
},
{
    "__comment": "bug",
    "from": [ 1, 2, 7 ],
    "to": [ 2, 3, 9 ],
    "faces": {
        "north": { "uv": [ 13.001, 0.001, 13.999, 1.999 ], "rotation": 90, "texture": "#obsidian" },
        "south": { "uv": [ 2.001, 0.001, 2.999, 1.999 ], "rotation": 270, "texture": "#obsidian" },
        "west":  { "uv": [ 7.001, 13.001, 8.999, 13.999 ], "texture": "#bugzapper" }
    }
},
{
    "__comment": "bug",
    "from": [ 1, 12, 3 ],
    "to": [ 2, 13, 4 ],
    "faces": {
        "down":  { "uv": [ 3.001, 1.001, 3.999, 1.999 ], "rotation": 270, "texture": "#obsidian" },
        "up":    { "uv": [ 12.001, 1.001, 12.999, 1.999 ], "rotation": 270, "texture": "#obsidian" },
        "north": { "uv": [ 3.001, 1.001, 3.999, 1.999 ], "rotation": 90, "texture": "#obsidian" },
        "south": { "uv": [ 12.001, 1.001, 12.999, 1.999 ], "rotation": 270, "texture": "#obsidian" },
        "west":  { "uv": [ 3.001, 3.001, 3.999, 3.999 ], "texture": "#bugzapper" }
    }
},
{
    "__comment": "bug",
    "from": [ 1, 12, 12 ],
    "to": [ 2, 13, 13 ],
    "faces": {
        "down":  { "uv": [ 12.001, 1.001, 12.999, 1.999 ], "rotation": 270, "texture": "#obsidian" },
        "up":    { "uv": [ 3.001, 1.001, 3.999, 1.999 ], "rotation": 270, "texture": "#obsidian" },
        "north": { "uv": [ 3.001, 1.001, 3.999, 1.999 ], "rotation": 90, "texture": "#obsidian" },
        "south": { "uv": [ 12.001, 1.001, 12.999, 1.999 ], "rotation": 270, "texture": "#obsidian" },
        "west":  { "uv": [ 12.001, 3.001, 12.999, 3.999 ], "texture": "#bugzapper" }
    }
},
{
    "__comment": "bug",
    "from": [ 1, 11, 11 ],
    "to": [ 2, 12, 12 ],
    "faces": {
        "down":  { "uv": [ 11.001, 1.001, 11.999, 1.999 ], "rotation": 270, "texture": "#obsidian" },
        "up":    { "uv": [ 4.001, 1.001, 4.999, 1.999 ], "rotation": 270, "texture": "#obsidian" },
        "north": { "uv": [ 4.001, 1.001, 4.999, 1.999 ], "rotation": 90, "texture": "#obsidian" },
        "south": { "uv": [ 11.001, 1.001, 11.999, 1.999 ], "rotation": 270, "texture": "#obsidian" },
        "west":  { "uv": [ 11.001, 4.001, 11.999, 4.999 ], "texture": "#bugzapper" }
    }
},
{
    "__comment": "bug",
    "from": [ 1, 11, 4 ],
    "to": [ 2, 12, 5 ],
    "faces": {
        "down":  { "uv": [ 4.001, 1.001, 4.999, 1.999 ], "rotation": 270, "texture": "#obsidian" },
        "up":    { "uv": [ 11.001, 1.001, 11.999, 1.999 ], "rotation": 270, "texture": "#obsidian" },
        "north": { "uv": [ 4.001, 1.001, 4.999, 1.999 ], "rotation": 90, "texture": "#obsidian" },
        "south": { "uv": [ 11.001, 1.001, 11.999, 1.999 ], "rotation": 270, "texture": "#obsidian" },
        "west":  { "uv": [ 4.001, 4.001, 4.999, 4.999 ], "texture": "#bugzapper" }
    }
},
{
    "__comment": "bug",
    "from": [ 1, 10, 5 ],
    "to": [ 2, 11, 6 ],
    "faces": {
        "down":  { "uv": [ 5.001, 1.001, 5.999, 1.999 ], "rotation": 270, "texture": "#obsidian" },
        "up":    { "uv": [ 10.001, 1.001, 10.999, 1.999 ], "rotation": 270, "texture": "#obsidian" },
        "north": { "uv": [ 5.001, 1.001, 5.999, 1.999 ], "rotation": 90, "texture": "#obsidian" },
        "south": { "uv": [ 10.001, 1.001, 10.999, 1.999 ], "rotation": 270, "texture": "#obsidian" },
        "west":  { "uv": [ 5.001, 5.001, 5.999, 5.999 ], "texture": "#bugzapper" }
    }
},
{
    "__comment": "bug",
    "from": [ 1, 10, 10 ],
    "to": [ 2, 11, 11 ],
    "faces": {
        "down":  { "uv": [ 10.001, 1.001, 10.999, 1.999 ], "rotation": 270, "texture": "#obsidian" },
        "up":    { "uv": [ 5.001, 1.001, 5.999, 1.999 ], "rotation": 270, "texture": "#obsidian" },
        "north": { "uv": [ 5.001, 1.001, 5.999, 1.999 ], "rotation": 90, "texture": "#obsidian" },
        "south": { "uv": [ 10.001, 1.001, 10.999, 1.999 ], "rotation": 270, "texture": "#obsidian" },
        "west":  { "uv": [ 10.001, 5.001, 10.999, 5.999 ], "texture": "#bugzapper" }
    }
},
{
    "__comment": "bug",
    "from": [ 1, 8, 11 ],
    "to": [ 2, 9, 13 ],
    "faces": {
        "down":  { "uv": [ 11.001, 1.001, 12.999, 1.999 ], "rotation": 270, "texture": "#obsidian" },
        "up":    { "uv": [ 3.001, 1.001, 4.999, 1.999 ], "rotation": 270, "texture": "#obsidian" },
        "south": { "uv": [ 8.001, 1.001, 8.999, 1.999 ], "rotation": 270, "texture": "#obsidian" },
        "west":  { "uv": [ 11.001, 7.001, 12.999, 7.999 ], "texture": "#bugzapper" }
    }
},
{
    "__comment": "bug",
    "from": [ 1, 8, 3 ],
    "to": [ 2, 9, 5 ],
    "faces": {
        "down":  { "uv": [ 3.001, 1.001, 4.999, 1.999 ], "rotation": 270, "texture": "#obsidian" },
        "up":    { "uv": [ 11.001, 1.001, 12.999, 1.999 ], "rotation": 270, "texture": "#obsidian" },
        "north": { "uv": [ 7.001, 1.001, 7.999, 1.999 ], "rotation": 90, "texture": "#obsidian" },
        "west":  { "uv": [ 3.001, 7.001, 4.999, 7.999 ], "texture": "#bugzapper" }
    }
},
{
    "__comment": "bug",
    "from": [ 1, 7, 2 ],
    "to": [ 2, 8, 3 ],
    "faces": {
        "down":  { "uv": [ 2.001, 1.001, 2.999, 1.999 ], "rotation": 270, "texture": "#obsidian" },
        "up":    { "uv": [ 13.001, 1.001, 13.999, 1.999 ], "rotation": 270, "texture": "#obsidian" },
        "south": { "uv": [ 7.001, 1.001, 7.999, 1.999 ], "rotation": 270, "texture": "#obsidian" },
        "west":  { "uv": [ 2.001, 8.001, 2.999, 8.999 ], "texture": "#bugzapper" }
    }
},
{
    "__comment": "bug",
    "from": [ 1, 7, 13 ],
    "to": [ 2, 8, 14 ],
    "faces": {
        "down":  { "uv": [ 13.001, 1.001, 13.999, 1.999 ], "rotation": 270, "texture": "#obsidian" },
        "up":    { "uv": [ 2.001, 1.001, 2.999, 1.999 ], "rotation": 270, "texture": "#obsidian" },
        "north": { "uv": [ 8.001, 1.001, 8.999, 1.999 ], "rotation": 90, "texture": "#obsidian" },
        "west":  { "uv": [ 13.001, 8.001, 13.999, 8.999 ], "texture": "#bugzapper" }
    }
},
{
    "__comment": "bug",
    "from": [ 1, 6, 11 ],
    "to": [ 2, 7, 12 ],
    "faces": {
        "down":  { "uv": [ 11.001, 1.001, 11.999, 1.999 ], "rotation": 270, "texture": "#obsidian" },
        "up":    { "uv": [ 4.001, 1.001, 4.999, 1.999 ], "rotation": 270, "texture": "#obsidian" },
        "south": { "uv": [ 6.001, 1.001, 6.999, 1.999 ], "rotation": 270, "texture": "#obsidian" },
        "west":  { "uv": [ 11.001, 9.001, 11.999, 9.999 ], "texture": "#bugzapper" }
    }
},
{
    "__comment": "bug",
    "from": [ 1, 6, 4 ],
    "to": [ 2, 7, 5 ],
    "faces": {
        "down":  { "uv": [ 4.001, 1.001, 4.999, 1.999 ], "rotation": 270, "texture": "#obsidian" },
        "up":    { "uv": [ 11.001, 1.001, 11.999, 1.999 ], "rotation": 270, "texture": "#obsidian" },
        "north": { "uv": [ 9.001, 1.001, 9.999, 1.999 ], "rotation": 90, "texture": "#obsidian" },
        "west":  { "uv": [ 4.001, 9.001, 4.999, 9.999 ], "texture": "#bugzapper" }
    }
},
{
    "__comment": "bug",
    "from": [ 1, 5, 3 ],
    "to": [ 2, 6, 4 ],
    "faces": {
        "down":  { "uv": [ 3.001, 1.001, 3.999, 1.999 ], "rotation": 270, "texture": "#obsidian" },
        "up":    { "uv": [ 12.001, 1.001, 12.999, 1.999 ], "rotation": 270, "texture": "#obsidian" },
        "north": { "uv": [ 10.001, 1.001, 10.999, 1.999 ], "rotation": 90, "texture": "#obsidian" },
        "south": { "uv": [ 5.001, 1.001, 5.999, 1.999 ], "rotation": 270, "texture": "#obsidian" },
        "west":  { "uv": [ 3.001, 10.001, 3.999, 10.999 ], "texture": "#bugzapper" }
    }
},
{
    "__comment": "bug",
    "from": [ 1, 5, 12 ],
    "to": [ 2, 6, 13 ],
    "faces": {
        "down":  { "uv": [ 12.001, 1.001, 12.999, 1.999 ], "rotation": 270, "texture": "#obsidian" },
        "up":    { "uv": [ 3.001, 1.001, 3.999, 1.999 ], "rotation": 270, "texture": "#obsidian" },
        "north": { "uv": [ 10.001, 1.001, 10.999, 1.999 ], "rotation": 90, "texture": "#obsidian" },
        "south": { "uv": [ 5.001, 1.001, 5.999, 1.999 ], "rotation": 270, "texture": "#obsidian" },
        "west":  { "uv": [ 12.001, 10.001, 12.999, 10.999 ], "texture": "#bugzapper" }
    }
},
{
    "__comment": "bug",
    "from": [ 1, 3, 13 ],
    "to": [ 2, 5, 14 ],
    "faces": {
        "down":  { "uv": [ 13.001, 1.001, 13.999, 1.999 ], "rotation": 270, "texture": "#obsidian" },
        "up":    { "uv": [ 2.001, 1.001, 2.999, 1.999 ], "rotation": 270, "texture": "#obsidian" },
        "north": { "uv": [ 11.001, 1.001, 12.999, 1.999 ], "rotation": 90, "texture": "#obsidian" },
        "west":  { "uv": [ 13.001, 11.001, 13.999, 12.999 ], "texture": "#bugzapper" }
    }
},
{
    "__comment": "bug",
    "from": [ 1, 3, 2 ],
    "to": [ 2, 5, 3 ],
    "faces": {
        "down":  { "uv": [ 2.001, 1.001, 2.999, 1.999 ], "rotation": 270, "texture": "#obsidian" },
        "up":    { "uv": [ 13.001, 1.001, 13.999, 1.999 ], "rotation": 270, "texture": "#obsidian" },
        "south": { "uv": [ 3.001, 1.001, 4.999, 1.999 ], "rotation": 270, "texture": "#obsidian" },
        "west":  { "uv": [ 2.001, 11.001, 2.999, 12.999 ], "texture": "#bugzapper" }
    }
}
],
"display": {
    "thirdperson_righthand": {
        "rotation": [ 75, 45, 0 ],
        "translation": [ 0, 2.5, 0 ],
        "scale": [ 0.375, 0.375, 0.375 ]
    },
    "thirdperson_lefthand": {
        "rotation": [ 75, 45, 0 ],
        "translation": [ 0, 2.5, 0 ],
        "scale": [ 0.375, 0.375, 0.375 ]
    },
    "head": {
        "rotation": [ 0, 0, 0 ],
        "translation": [ 0, 0, 0 ],
        "scale": [ 1, 1, 1 ]
    },
    "ground": {
        "rotation": [ 0, 0, 0 ],
        "translation": [ 0, 3, 0 ],
        "scale": [ 0.25, 0.25, 0.25 ]
    },
    "fixed": {
        "rotation": [ 0, 0, 0 ],
        "translation": [ 0, 0, 0 ],
        "scale": [ 0.5, 0.5, 0.5 ]
    },
    "firstperson_righthand": {
        "rotation": [ 0, 45, 0 ],
        "translation": [ 0, 0, 0 ],
        "scale": [ 0.4, 0.4, 0.4 ]
    },
    "firstperson_lefthand": {
        "rotation": [ 0, 45, 0 ],
        "translation": [ 0, 0, 0 ],
        "scale": [ 0.4, 0.4, 0.4 ]
    },
    "gui": {
        "rotation": [ 30, 225, 0 ],
        "translation": [ 0, 0, 0 ],
        "scale": [ 0.625, 0.625, 0.625 ]
    }
}
}