{
"__comment": "Designed by MonaLisa for ediblebugs",
"textures": {
    "particle": "blocks/stone",
    "texture": "ediblebugs:blocks/fryer_1",
    "tex2": "ediblebugs:blocks/fryer_lit",
    "bug": "ediblebugs:blocks/termiteMound"
},
"elements": [ 
{
    "from": [ 7.5, 14.5, 5 ],
    "to": [ 8.5, 15.5, 5.5 ],
    "faces": {
        "down":  { "uv": [ 8.5, 5.5, 7.5, 5 ], "texture": "#bug" },
        "up":    { "uv": [ 7.5, 5, 8.5, 5.5 ], "texture": "#bug" },
        "north": { "uv": [ 7.5, 0.5, 8.5, 1.5 ], "texture": "#bug" },
        "south": { "uv": [ 7.5, 0.5, 8.5, 1.5 ], "texture": "#bug" },
        "west":  { "uv": [ 5, 0.5, 5.5, 1.5 ], "texture": "#bug" },
        "east":  { "uv": [ 10.5, 0.5, 11, 1.5 ], "texture": "#bug" }
    }
},
{
    "from": [ 7, 14.5, 5.5 ],
    "to": [ 9, 15.5, 6.5 ],
    "faces": {
        "down":  { "uv": [ 9, 6.5, 7, 5.5 ], "texture": "#bug" },
        "up":    { "uv": [ 7, 5.5, 9, 6.5 ], "texture": "#bug" },
        "north": { "uv": [ 7, 0.5, 9, 1.5 ], "texture": "#bug" },
        "south": { "uv": [ 7, 0.5, 9, 1.5 ], "texture": "#bug" },
        "west":  { "uv": [ 5.5, 0.5, 6.5, 1.5 ], "texture": "#bug" },
        "east":  { "uv": [ 9.5, 0.5, 10.5, 1.5 ], "texture": "#bug" }
    }
},
{
    "from": [ 7.5, 14.5, 6.5 ],
    "to": [ 8.5, 15, 7 ],
    "faces": {
        "down":  { "uv": [ 8.5, 7, 7.5, 6.5 ], "texture": "#bug" },
        "up":    { "uv": [ 7.5, 6.5, 8.5, 7 ], "texture": "#bug" },
        "north": { "uv": [ 7.5, 1, 8.5, 1.5 ], "texture": "#bug" },
        "south": { "uv": [ 7.5, 1, 8.5, 1.5 ], "texture": "#bug" },
        "west":  { "uv": [ 6.5, 1, 7, 1.5 ], "texture": "#bug" },
        "east":  { "uv": [ 9, 1, 9.5, 1.5 ], "texture": "#bug" }
    }
},
{
    "from": [ 7, 14.5, 7 ],
    "to": [ 9, 15.5, 7.5 ],
    "faces": {
        "down":  { "uv": [ 9, 7.5, 7, 7 ], "texture": "#bug" },
        "up":    { "uv": [ 7, 7, 9, 7.5 ], "texture": "#bug" },
        "north": { "uv": [ 7, 0.5, 9, 1.5 ], "texture": "#bug" },
        "south": { "uv": [ 7, 0.5, 9, 1.5 ], "texture": "#bug" },
        "west":  { "uv": [ 7, 0.5, 7.5, 1.5 ], "texture": "#bug" },
        "east":  { "uv": [ 8.5, 0.5, 9, 1.5 ], "texture": "#bug" }
    }
},
{
    "from": [ 6.5, 14.5, 7.5 ],
    "to": [ 9.5, 15.5, 10 ],
    "faces": {
        "down":  { "uv": [ 9.5, 10, 6.5, 7.5 ], "texture": "#bug" },
        "up":    { "uv": [ 6.5, 7.5, 9.5, 10 ], "texture": "#bug" },
        "north": { "uv": [ 6.5, 0.5, 9.5, 1.5 ], "texture": "#bug" },
        "south": { "uv": [ 6.5, 0.5, 9.5, 1.5 ], "texture": "#bug" },
        "west":  { "uv": [ 7.5, 0.5, 10, 1.5 ], "texture": "#bug" },
        "east":  { "uv": [ 6, 0.5, 8.5, 1.5 ], "texture": "#bug" }
    }
},
{
    "from": [ 7, 14.5, 10 ],
    "to": [ 9, 15.5, 10.5 ],
    "faces": {
        "down":  { "uv": [ 9, 10.5, 7, 10 ], "texture": "#bug" },
        "up":    { "uv": [ 7, 10, 9, 10.5 ], "texture": "#bug" },
        "north": { "uv": [ 7, 0.5, 9, 1.5 ], "texture": "#bug" },
        "south": { "uv": [ 7, 0.5, 9, 1.5 ], "texture": "#bug" },
        "west":  { "uv": [ 10, 0.5, 10.5, 1.5 ], "texture": "#bug" },
        "east":  { "uv": [ 5.5, 0.5, 6, 1.5 ], "texture": "#bug" }
    }
},
{
    "from": [ 7.5, 14.5, 10.5 ],
    "to": [ 8.5, 15, 11 ],
    "faces": {
        "down":  { "uv": [ 8.5, 11, 7.5, 10.5 ], "texture": "#bug" },
        "up":    { "uv": [ 7.5, 10.5, 8.5, 11 ], "texture": "#bug" },
        "north": { "uv": [ 7.5, 1, 8.5, 1.5 ], "texture": "#bug" },
        "south": { "uv": [ 7.5, 1, 8.5, 1.5 ], "texture": "#bug" },
        "west":  { "uv": [ 10.5, 1, 11, 1.5 ], "texture": "#bug" },
        "east":  { "uv": [ 5, 1, 5.5, 1.5 ], "texture": "#bug" }
    }
},
{
    "from": [ 5.5, 14.5, 5.5 ],
    "to": [ 6, 15, 6 ],
    "faces": {
        "down":  { "uv": [ 10.5, 6, 10, 5.5 ], "texture": "#bug" },
        "up":    { "uv": [ 5.5, 5.5, 6, 6 ], "texture": "#bug" },
        "north": { "uv": [ 10, 1, 10.5, 1.5 ], "texture": "#bug" },
        "south": { "uv": [ 5.5, 1, 6, 1.5 ], "texture": "#bug" },
        "west":  { "uv": [ 5.5, 1, 6, 1.5 ], "texture": "#bug" },
        "east":  { "uv": [ 10, 1, 10.5, 1.5 ], "texture": "#bug" }
    }
},
{
    "from": [ 10, 14.5, 5.5 ],
    "to": [ 10.5, 15, 6 ],
    "faces": {
        "down":  { "uv": [ 6, 6, 5.5, 5.5 ], "texture": "#bug" },
        "up":    { "uv": [ 10, 5.5, 10.5, 6 ], "texture": "#bug" },
        "north": { "uv": [ 5.5, 1, 6, 1.5 ], "texture": "#bug" },
        "south": { "uv": [ 10, 1, 10.5, 1.5 ], "texture": "#bug" },
        "west":  { "uv": [ 5.5, 1, 6, 1.5 ], "texture": "#bug" },
        "east":  { "uv": [ 10, 1, 10.5, 1.5 ], "texture": "#bug" }
    }
},
{
    "from": [ 9.5, 14.5, 6 ],
    "to": [ 10, 15, 6.5 ],
    "faces": {
        "down":  { "uv": [ 6.5, 6.5, 6, 6 ], "texture": "#bug" },
        "up":    { "uv": [ 9.5, 6, 10, 6.5 ], "texture": "#bug" },
        "north": { "uv": [ 6, 1, 6.5, 1.5 ], "texture": "#bug" },
        "south": { "uv": [ 9.5, 1, 10, 1.5 ], "texture": "#bug" },
        "west":  { "uv": [ 6, 1, 6.5, 1.5 ], "texture": "#bug" },
        "east":  { "uv": [ 9.5, 1, 10, 1.5 ], "texture": "#bug" }
    }
},
{
    "from": [ 6, 14.5, 6 ],
    "to": [ 6.5, 15, 6.5 ],
    "faces": {
        "down":  { "uv": [ 10, 6.5, 9.5, 6 ], "texture": "#bug" },
        "up":    { "uv": [ 6, 6, 6.5, 6.5 ], "texture": "#bug" },
        "north": { "uv": [ 9.5, 1, 10, 1.5 ], "texture": "#bug" },
        "south": { "uv": [ 6, 1, 6.5, 1.5 ], "texture": "#bug" },
        "west":  { "uv": [ 6, 1, 6.5, 1.5 ], "texture": "#bug" },
        "east":  { "uv": [ 9.5, 1, 10, 1.5 ], "texture": "#bug" }
    }
},
{
    "from": [ 6.5, 14.5, 6.5 ],
    "to": [ 7, 15, 7 ],
    "faces": {
        "down":  { "uv": [ 9.5, 7, 9, 6.5 ], "texture": "#bug" },
        "up":    { "uv": [ 6.5, 6.5, 7, 7 ], "texture": "#bug" },
        "north": { "uv": [ 9, 1, 9.5, 1.5 ], "texture": "#bug" },
        "south": { "uv": [ 6.5, 1, 7, 1.5 ], "texture": "#bug" },
        "west":  { "uv": [ 6.5, 1, 7, 1.5 ], "texture": "#bug" },
        "east":  { "uv": [ 9, 1, 9.5, 1.5 ], "texture": "#bug" }
    }
},
{
    "from": [ 9, 14.5, 6.5 ],
    "to": [ 9.5, 15, 7 ],
    "faces": {
        "down":  { "uv": [ 7, 7, 6.5, 6.5 ], "texture": "#bug" },
        "up":    { "uv": [ 9, 6.5, 9.5, 7 ], "texture": "#bug" },
        "north": { "uv": [ 6.5, 1, 7, 1.5 ], "texture": "#bug" },
        "south": { "uv": [ 9, 1, 9.5, 1.5 ], "texture": "#bug" },
        "west":  { "uv": [ 6.5, 1, 7, 1.5 ], "texture": "#bug" },
        "east":  { "uv": [ 9, 1, 9.5, 1.5 ], "texture": "#bug" }
    }
},
{
    "from": [ 9.5, 14.5, 7.5 ],
    "to": [ 10.5, 15, 8 ],
    "faces": {
        "down":  { "uv": [ 6.5, 8, 5.5, 7.5 ], "texture": "#bug" },
        "up":    { "uv": [ 9.5, 7.5, 10.5, 8 ], "texture": "#bug" },
        "north": { "uv": [ 5.5, 1, 6.5, 1.5 ], "texture": "#bug" },
        "south": { "uv": [ 9.5, 1, 10.5, 1.5 ], "texture": "#bug" },
        "west":  { "uv": [ 7.5, 1, 8, 1.5 ], "texture": "#bug" },
        "east":  { "uv": [ 8, 1, 8.5, 1.5 ], "texture": "#bug" }
    }
},
{
    "from": [ 5.5, 14.5, 7.5 ],
    "to": [ 6.5, 15, 8 ],
    "faces": {
        "down":  { "uv": [ 10.5, 8, 9.5, 7.5 ], "texture": "#bug" },
        "up":    { "uv": [ 5.5, 7.5, 6.5, 8 ], "texture": "#bug" },
        "north": { "uv": [ 9.5, 1, 10.5, 1.5 ], "texture": "#bug" },
        "south": { "uv": [ 5.5, 1, 6.5, 1.5 ], "texture": "#bug" },
        "west":  { "uv": [ 7.5, 1, 8, 1.5 ], "texture": "#bug" },
        "east":  { "uv": [ 8, 1, 8.5, 1.5 ], "texture": "#bug" }
    }
},
{
    "from": [ 5, 14.5, 8 ],
    "to": [ 5.5, 15, 8.5 ],
    "faces": {
        "down":  { "uv": [ 11, 8.5, 10.5, 8 ], "texture": "#bug" },
        "up":    { "uv": [ 5, 8, 5.5, 8.5 ], "texture": "#bug" },
        "north": { "uv": [ 10.5, 1, 11, 1.5 ], "texture": "#bug" },
        "south": { "uv": [ 5, 1, 5.5, 1.5 ], "texture": "#bug" },
        "west":  { "uv": [ 8, 1, 8.5, 1.5 ], "texture": "#bug" },
        "east":  { "uv": [ 7.5, 1, 8, 1.5 ], "texture": "#bug" }
    }
},
{
    "from": [ 10.5, 14.5, 8 ],
    "to": [ 11, 15, 8.5 ],
    "faces": {
        "down":  { "uv": [ 5.5, 8.5, 5, 8 ], "texture": "#bug" },
        "up":    { "uv": [ 10.5, 8, 11, 8.5 ], "texture": "#bug" },
        "north": { "uv": [ 5, 1, 5.5, 1.5 ], "texture": "#bug" },
        "south": { "uv": [ 10.5, 1, 11, 1.5 ], "texture": "#bug" },
        "west":  { "uv": [ 8, 1, 8.5, 1.5 ], "texture": "#bug" },
        "east":  { "uv": [ 7.5, 1, 8, 1.5 ], "texture": "#bug" }
    }
},
{
    "from": [ 9.5, 14.5, 8.5 ],
    "to": [ 10, 15, 9 ],
    "faces": {
        "down":  { "uv": [ 6.5, 9, 6, 8.5 ], "texture": "#bug" },
        "up":    { "uv": [ 9.5, 8.5, 10, 9 ], "texture": "#bug" },
        "north": { "uv": [ 6, 1, 6.5, 1.5 ], "texture": "#bug" },
        "south": { "uv": [ 9.5, 1, 10, 1.5 ], "texture": "#bug" },
        "west":  { "uv": [ 8.5, 1, 9, 1.5 ], "texture": "#bug" },
        "east":  { "uv": [ 7, 1, 7.5, 1.5 ], "texture": "#bug" }
    }
},
{
    "from": [ 6, 14.5, 8.5 ],
    "to": [ 6.5, 15, 9 ],
    "faces": {
        "down":  { "uv": [ 10, 9, 9.5, 8.5 ], "texture": "#bug" },
        "up":    { "uv": [ 6, 8.5, 6.5, 9 ], "texture": "#bug" },
        "north": { "uv": [ 9.5, 1, 10, 1.5 ], "texture": "#bug" },
        "south": { "uv": [ 6, 1, 6.5, 1.5 ], "texture": "#bug" },
        "west":  { "uv": [ 8.5, 1, 9, 1.5 ], "texture": "#bug" },
        "east":  { "uv": [ 7, 1, 7.5, 1.5 ], "texture": "#bug" }
    }
},
{
    "from": [ 5.5, 14.5, 9 ],
    "to": [ 6, 15, 9.5 ],
    "faces": {
        "down":  { "uv": [ 10.5, 9.5, 10, 9 ], "texture": "#bug" },
        "up":    { "uv": [ 5.5, 9, 6, 9.5 ], "texture": "#bug" },
        "north": { "uv": [ 10, 1, 10.5, 1.5 ], "texture": "#bug" },
        "south": { "uv": [ 5.5, 1, 6, 1.5 ], "texture": "#bug" },
        "west":  { "uv": [ 9, 1, 9.5, 1.5 ], "texture": "#bug" },
        "east":  { "uv": [ 6.5, 1, 7, 1.5 ], "texture": "#bug" }
    }
},
{
    "from": [ 10, 14.5, 9 ],
    "to": [ 10.5, 15, 9.5 ],
    "faces": {
        "down":  { "uv": [ 6, 9.5, 5.5, 9 ], "texture": "#bug" },
        "up":    { "uv": [ 10, 9, 10.5, 9.5 ], "texture": "#bug" },
        "north": { "uv": [ 5.5, 1, 6, 1.5 ], "texture": "#bug" },
        "south": { "uv": [ 10, 1, 10.5, 1.5 ], "texture": "#bug" },
        "west":  { "uv": [ 9, 1, 9.5, 1.5 ], "texture": "#bug" },
        "east":  { "uv": [ 6.5, 1, 7, 1.5 ], "texture": "#bug" }
    }
},
{
    "from": [ 10.5, 14.5, 9.5 ],
    "to": [ 11, 15, 10.5 ],
    "faces": {
        "down":  { "uv": [ 5.5, 10.5, 5, 9.5 ], "texture": "#bug" },
        "up":    { "uv": [ 10.5, 9.5, 11, 10.5 ], "texture": "#bug" },
        "north": { "uv": [ 5, 1, 5.5, 1.5 ], "texture": "#bug" },
        "south": { "uv": [ 10.5, 1, 11, 1.5 ], "texture": "#bug" },
        "west":  { "uv": [ 9.5, 1, 10.5, 1.5 ], "texture": "#bug" },
        "east":  { "uv": [ 5.5, 1, 6.5, 1.5 ], "texture": "#bug" }
    }
},
{
    "from": [ 5, 14.5, 9.5 ],
    "to": [ 5.5, 15, 10.5 ],
    "faces": {
        "down":  { "uv": [ 11, 10.5, 10.5, 9.5 ], "texture": "#bug" },
        "up":    { "uv": [ 5, 9.5, 5.5, 10.5 ], "texture": "#bug" },
        "north": { "uv": [ 10.5, 1, 11, 1.5 ], "texture": "#bug" },
        "south": { "uv": [ 5, 1, 5.5, 1.5 ], "texture": "#bug" },
        "west":  { "uv": [ 9.5, 1, 10.5, 1.5 ], "texture": "#bug" },
        "east":  { "uv": [ 5.5, 1, 6.5, 1.5 ], "texture": "#bug" }
    }
},
{
    "from": [ 0, 0, 0 ],
    "to": [ 16, 7, 16 ],
    "faces": {
        "down":  { "uv": [ 15.5, 4.25, 0.5, 1.5 ], "texture": "#texture" },
        "up":    { "uv": [ 0.75, 1.25, 15.5, 3.75 ], "texture": "#texture" },
        "north": { "uv": [ 16, 9, 0, 16 ], "texture": "#texture" },
        "south": { "uv": [ 0, 9, 16, 16 ], "texture": "#texture" },
        "west":  { "uv": [ 0, 9, 16, 16 ], "texture": "#texture" },
        "east":  { "uv": [ 16, 9, 0, 16 ], "texture": "#texture" }
    }
},
{
    "from": [ 0, 7, 0 ],
    "to": [ 2, 15, 2 ],
    "faces": {
        "up":    { "uv": [ 0, 0, 2, 2 ], "texture": "#texture" },
        "north": { "uv": [ 14, 1, 16, 9 ], "texture": "#texture" },
        "south": { "uv": [ 0, 1, 2, 9 ], "texture": "#texture" },
        "west":  { "uv": [ 0, 1, 2, 9 ], "texture": "#texture" },
        "east":  { "uv": [ 14, 1, 16, 9 ], "texture": "#texture" }
    }
},
{
    "from": [ 0, 7, 14 ],
    "to": [ 2, 15, 16 ],
    "faces": {
        "up":    { "uv": [ 0, 14, 2, 16 ], "texture": "#texture" },
        "north": { "uv": [ 14, 1, 16, 9 ], "texture": "#texture" },
        "south": { "uv": [ 0, 1, 2, 9 ], "texture": "#texture" },
        "west":  { "uv": [ 14, 1, 16, 9 ], "texture": "#texture" },
        "east":  { "uv": [ 0, 1, 2, 9 ], "texture": "#texture" }
    }
},
{
    "from": [ 14, 7, 0 ],
    "to": [ 16, 15, 2 ],
    "faces": {
        "up":    { "uv": [ 14, 0, 16, 2 ], "texture": "#texture" },
        "north": { "uv": [ 0, 1, 2, 9 ], "texture": "#texture" },
        "south": { "uv": [ 14, 1, 16, 9 ], "texture": "#texture" },
        "west":  { "uv": [ 0, 1, 2, 9 ], "texture": "#texture" },
        "east":  { "uv": [ 14, 1, 16, 9 ], "texture": "#texture" }
    }
},
{
    "from": [ 14, 7, 14 ],
    "to": [ 16, 15, 16 ],
    "faces": {
        "up":    { "uv": [ 14, 14, 16, 16 ], "texture": "#texture" },
        "north": { "uv": [ 0, 1, 2, 9 ], "texture": "#texture" },
        "south": { "uv": [ 14, 1, 16, 9 ], "texture": "#texture" },
        "west":  { "uv": [ 14, 1, 16, 9 ], "texture": "#texture" },
        "east":  { "uv": [ 0, 1, 2, 9 ], "texture": "#texture" }
    }
},
{
    "from": [ 2, 7, 2 ],
    "to": [ 14, 11, 14 ],
    "faces": {
        "up":    { "uv": [ 2, 2, 14, 14 ], "texture": "#tex2" },
        "north": { "uv": [ 2, 5, 14, 9 ], "texture": "#tex2" },
        "south": { "uv": [ 2, 5, 14, 9 ], "texture": "#tex2" },
        "west":  { "uv": [ 2, 5, 14, 9 ], "texture": "#tex2" },
        "east":  { "uv": [ 2, 5, 14, 9 ], "texture": "#tex2" }
    }
},
{
    "from": [ 2, 8, 1 ],
    "to": [ 14, 13, 2 ],
    "faces": {
        "down":  { "uv": [ 14, 2, 2, 1 ], "texture": "#texture" },
        "up":    { "uv": [ 2, 1, 14, 2 ], "texture": "#texture" },
        "north": { "uv": [ 2, 0, 14, 5 ], "texture": "#texture" },
        "south": { "uv": [ 2, 0, 14, 5 ], "texture": "#texture" }
    }
},
{
    "from": [ 2, 8, 14 ],
    "to": [ 14, 13, 15 ],
    "faces": {
        "down":  { "uv": [ 14, 16, 2, 15 ], "texture": "#texture" },
        "up":    { "uv": [ 2, 15, 14, 16 ], "texture": "#texture" },
        "north": { "uv": [ 2, 0, 14, 5 ], "texture": "#texture" },
        "south": { "uv": [ 2, 0, 14, 5 ], "texture": "#texture" }
    }
},
{
    "from": [ 14, 8, 2 ],
    "to": [ 15, 13, 14 ],
    "faces": {
        "down":  { "uv": [ 2, 14, 1, 2 ], "texture": "#texture" },
        "up":    { "uv": [ 14, 2, 15, 14 ], "texture": "#texture" },
        "west":  { "uv": [ 2, 0, 14, 5 ], "texture": "#texture" },
        "east":  { "uv": [ 2, 0, 14, 5 ], "texture": "#texture" }
    }
},
{
    "from": [ 1, 8, 2 ],
    "to": [ 2, 13, 14 ],
    "faces": {
        "down":  { "uv": [ 15, 14, 14, 2 ], "texture": "#texture" },
        "up":    { "uv": [ 1, 2, 2, 14 ], "texture": "#texture" },
        "west":  { "uv": [ 2, 0, 14, 5 ], "texture": "#texture" },
        "east":  { "uv": [ 2, 0, 14, 5 ], "texture": "#texture" }
    }
},
{
    "from": [ 2, 14, 3.5 ],
    "to": [ 14, 14.5, 4 ],
    "faces": {
        "down":  { "uv": [ 14, 6.25, 2, 5.75 ], "texture": "#texture" },
        "up":    { "uv": [ 2, 5.5, 14, 6 ], "texture": "#texture" },
        "north": { "uv": [ 2, 5.75, 14, 6.25 ], "texture": "#texture" },
        "south": { "uv": [ 2, 6, 14, 6.5 ], "texture": "#texture" }
    }
},
{
    "from": [ 2, 14, 6 ],
    "to": [ 14, 14.5, 6.5 ],
    "faces": {
        "down":  { "uv": [ 14, 6.5, 2, 6 ], "texture": "#texture" },
        "up":    { "uv": [ 2, 6, 14, 6.5 ], "texture": "#texture" },
        "north": { "uv": [ 2, 5.75, 14, 6.25 ], "texture": "#texture" },
        "south": { "uv": [ 2, 6, 14, 6.5 ], "texture": "#texture" }
    }
},
{
    "from": [ 2, 14, 8 ],
    "to": [ 14, 14.5, 8.5 ],
    "faces": {
        "down":  { "uv": [ 14, 6, 2, 5.5 ], "texture": "#texture" },
        "up":    { "uv": [ 2, 5.5, 14, 6 ], "texture": "#texture" },
        "north": { "uv": [ 2, 5.5, 14, 6 ], "texture": "#texture" },
        "south": { "uv": [ 2, 5.25, 14, 5.75 ], "texture": "#texture" }
    }
},
{
    "from": [ 2, 14, 10 ],
    "to": [ 14, 14.5, 10.5 ],
    "faces": {
        "down":  { "uv": [ 14, 6.25, 2, 5.75 ], "texture": "#texture" },
        "up":    { "uv": [ 2, 5.75, 14, 6.25 ], "texture": "#texture" },
        "north": { "uv": [ 2, 5.75, 14, 6.25 ], "texture": "#texture" },
        "south": { "uv": [ 2, 5.75, 14, 6.25 ], "texture": "#texture" }
    }
},
{
    "from": [ 2, 14, 12 ],
    "to": [ 14, 14.5, 12.5 ],
    "faces": {
        "down":  { "uv": [ 14, 6, 2, 5.5 ], "texture": "#texture" },
        "up":    { "uv": [ 2, 5.5, 14, 6 ], "texture": "#texture" },
        "north": { "uv": [ 2, 6, 14, 6.5 ], "texture": "#texture" },
        "south": { "uv": [ 2, 6, 14, 6.5 ], "texture": "#texture" }
    }
},
{
    "from": [ 2, 13.5, 14 ],
    "to": [ 14, 15, 16 ],
    "faces": {
        "down":  { "uv": [ 14, 2, 2, 0 ], "texture": "#texture" },
        "up":    { "uv": [ 2.5, 0, 14.5, 2 ], "texture": "#texture" },
        "north": { "uv": [ 2, 1, 14, 2.5 ], "texture": "#texture" },
        "south": { "uv": [ 2, 1, 14, 2.5 ], "texture": "#texture" }
    }
},
{
    "from": [ 2, 13.5, 0 ],
    "to": [ 14, 15, 2 ],
    "faces": {
        "down":  { "uv": [ 14, 2, 2, 0 ], "texture": "#texture" },
        "up":    { "uv": [ 2, 0, 14, 2 ], "texture": "#texture" },
        "north": { "uv": [ 2, 1, 14, 2.5 ], "texture": "#texture" },
        "south": { "uv": [ 2, 1, 14, 2.5 ], "texture": "#texture" }
    }
},
{
    "from": [ 14, 13.5, 2 ],
    "to": [ 16, 15, 14 ],
    "faces": {
        "down":  { "uv": [ 2, 14, 0, 2 ], "texture": "#texture" },
        "up":    { "uv": [ 14, 2, 16, 14 ], "texture": "#texture" },
        "west":  { "uv": [ 2, 1, 14, 2.5 ], "texture": "#texture" },
        "east":  { "uv": [ 2, 1, 14, 2.5 ], "texture": "#texture" }
    }
},
{
    "from": [ 0, 13.5, 2 ],
    "to": [ 2, 15, 14 ],
    "faces": {
        "down":  { "uv": [ 16, 14, 14, 2 ], "texture": "#texture" },
        "up":    { "uv": [ 0, 2, 2, 14 ], "texture": "#texture" },
        "west":  { "uv": [ 2, 1, 14, 2.5 ], "texture": "#texture" },
        "east":  { "uv": [ 2, 1, 14, 2.5 ], "texture": "#texture" }
    }
}
]
}