{
"__comment": "Designed by MonaLisa for ediblebugs",
"textures": {
    "particle": "ediblebugs:blocks/fryer_1",
    "texture": "ediblebugs:blocks/fryer_1"
},
"elements": [ 
{
    "from": [ 0, 0, 0 ],
    "to": [ 16, 7, 16 ],
    "faces": {
        "down":  { "uv": [ 15.499, 4.249, 0.501, 1.501 ], "texture": "#texture", "cullface": "down" },
        "up":    { "uv": [ 0.751, 1.251, 15.499, 3.749 ], "texture": "#texture" },
        "north": { "uv": [ 15.999, 9.001, 0.001, 15.999 ], "texture": "#texture", "cullface": "north" },
        "south": { "uv": [ 0.001, 9.001, 15.999, 15.999 ], "texture": "#texture", "cullface": "south" },
        "west":  { "uv": [ 0.001, 9.001, 15.999, 15.999 ], "texture": "#texture", "cullface": "west" },
        "east":  { "uv": [ 15.999, 9.001, 0.001, 15.999 ], "texture": "#texture", "cullface": "east" }
    }
},
{
    "from": [ 0, 7, 0 ],
    "to": [ 2, 15, 2 ],
    "faces": {
        "up":    { "uv": [ 0.001, 0.001, 1.999, 1.999 ], "texture": "#texture" },
        "north": { "uv": [ 14.001, 1.001, 15.999, 8.999 ], "texture": "#texture", "cullface": "north" },
        "south": { "uv": [ 0.001, 1.001, 1.999, 8.999 ], "texture": "#texture" },
        "west":  { "uv": [ 0.001, 1.001, 1.999, 8.999 ], "texture": "#texture", "cullface": "west" },
        "east":  { "uv": [ 14.001, 1.001, 15.999, 8.999 ], "texture": "#texture" }
    }
},
{
    "from": [ 0, 7, 14 ],
    "to": [ 2, 15, 16 ],
    "faces": {
        "up":    { "uv": [ 0.001, 14.001, 1.999, 15.999 ], "texture": "#texture" },
        "north": { "uv": [ 14.001, 1.001, 15.999, 8.999 ], "texture": "#texture" },
        "south": { "uv": [ 0.001, 1.001, 1.999, 8.999 ], "texture": "#texture", "cullface": "south" },
        "west":  { "uv": [ 14.001, 1.001, 15.999, 8.999 ], "texture": "#texture", "cullface": "west" },
        "east":  { "uv": [ 0.001, 1.001, 1.999, 8.999 ], "texture": "#texture" }
    }
},
{
    "from": [ 14, 7, 0 ],
    "to": [ 16, 15, 2 ],
    "faces": {
        "up":    { "uv": [ 14.001, 0.001, 15.999, 1.999 ], "texture": "#texture" },
        "north": { "uv": [ 0.001, 1.001, 1.999, 8.999 ], "texture": "#texture", "cullface": "north" },
        "south": { "uv": [ 14.001, 1.001, 15.999, 8.999 ], "texture": "#texture" },
        "west":  { "uv": [ 0.001, 1.001, 1.999, 8.999 ], "texture": "#texture" },
        "east":  { "uv": [ 14.001, 1.001, 15.999, 8.999 ], "texture": "#texture", "cullface": "east" }
    }
},
{
    "from": [ 14, 7, 14 ],
    "to": [ 16, 15, 16 ],
    "faces": {
        "up":    { "uv": [ 14.001, 14.001, 15.999, 15.999 ], "texture": "#texture" },
        "north": { "uv": [ 0.001, 1.001, 1.999, 8.999 ], "texture": "#texture" },
        "south": { "uv": [ 14.001, 1.001, 15.999, 8.999 ], "texture": "#texture", "cullface": "south" },
        "west":  { "uv": [ 14.001, 1.001, 15.999, 8.999 ], "texture": "#texture" },
        "east":  { "uv": [ 0.001, 1.001, 1.999, 8.999 ], "texture": "#texture", "cullface": "east" }
    }
},
{
    "from": [ 2, 7, 2 ],
    "to": [ 14, 11, 14 ],
    "faces": {
        "up":    { "uv": [ 0.751, 0.751, 4.749, 3.749 ], "texture": "#texture" },
        "north": { "uv": [ 2.501, 5.501, 13.499, 6.499 ], "texture": "#texture" },
        "south": { "uv": [ 2.501, 5.501, 13.499, 6.499 ], "texture": "#texture" },
        "west":  { "uv": [ 2.251, 5.251, 13.749, 6.499 ], "texture": "#texture" },
        "east":  { "uv": [ 2.501, 5.501, 13.499, 6.499 ], "texture": "#texture" }
    }
},
{
    "from": [ 2, 8, 1 ],
    "to": [ 14, 13, 2 ],
    "faces": {
        "down":  { "uv": [ 13.999, 1.999, 2.001, 1.001 ], "texture": "#texture" },
        "up":    { "uv": [ 2.001, 1.001, 13.999, 1.999 ], "texture": "#texture" },
        "north": { "uv": [ 2.001, 0.001, 13.999, 4.999 ], "texture": "#texture" },
        "south": { "uv": [ 2.001, 0.001, 13.999, 4.999 ], "texture": "#texture" }
    }
},
{
    "from": [ 2, 8, 14 ],
    "to": [ 14, 13, 15 ],
    "faces": {
        "down":  { "uv": [ 13.999, 0.999, 2.001, 0.001 ], "texture": "#texture" },
        "up":    { "uv": [ 2.001, 0.001, 13.999, 0.999 ], "texture": "#texture" },
        "north": { "uv": [ 2.001, 0.001, 13.999, 4.999 ], "texture": "#texture" },
        "south": { "uv": [ 2.001, 0.001, 13.999, 4.999 ], "texture": "#texture" }
    }
},
{
    "from": [ 14, 8, 2 ],
    "to": [ 15, 13, 14 ],
    "faces": {
        "down":  { "uv": [ 1.999, 13.999, 1.001, 2.001 ], "texture": "#texture" },
        "up":    { "uv": [ 14.001, 2.001, 14.999, 13.999 ], "texture": "#texture" },
        "west":  { "uv": [ 2.001, 0.001, 13.999, 4.999 ], "texture": "#texture" },
        "east":  { "uv": [ 2.001, 0.001, 13.999, 4.999 ], "texture": "#texture" }
    }
},
{
    "from": [ 1, 8, 2 ],
    "to": [ 2, 13, 14 ],
    "faces": {
        "down":  { "uv": [ 14.999, 13.999, 14.001, 2.001 ], "texture": "#texture" },
        "up":    { "uv": [ 1.001, 2.001, 1.999, 13.999 ], "texture": "#texture" },
        "west":  { "uv": [ 2.001, 0.001, 13.999, 4.999 ], "texture": "#texture" },
        "east":  { "uv": [ 2.001, 0.001, 13.999, 4.999 ], "texture": "#texture" }
    }
},
{
    "from": [ 2, 14, 3.5 ],
    "to": [ 14, 14.5, 4 ],
    "faces": {
        "down":  { "uv": [ 13.999, 6.249, 2.001, 5.751 ], "texture": "#texture" },
        "up":    { "uv": [ 2.001, 5.501, 13.999, 5.999 ], "texture": "#texture" },
        "north": { "uv": [ 2.001, 5.751, 13.999, 6.249 ], "texture": "#texture" },
        "south": { "uv": [ 2.001, 6.001, 13.999, 6.499 ], "texture": "#texture" }
    }
},
{
    "from": [ 2, 14, 6 ],
    "to": [ 14, 14.5, 6.5 ],
    "faces": {
        "down":  { "uv": [ 13.999, 6.499, 2.001, 6.001 ], "texture": "#texture" },
        "up":    { "uv": [ 2.001, 6.001, 13.999, 6.499 ], "texture": "#texture" },
        "north": { "uv": [ 2.001, 5.751, 13.999, 6.249 ], "texture": "#texture" },
        "south": { "uv": [ 2.001, 6.001, 13.999, 6.499 ], "texture": "#texture" }
    }
},
{
    "from": [ 2, 14, 8 ],
    "to": [ 14, 14.5, 8.5 ],
    "faces": {
        "down":  { "uv": [ 13.999, 5.999, 2.001, 5.501 ], "texture": "#texture" },
        "up":    { "uv": [ 2.001, 5.751, 13.999, 6.249 ], "texture": "#texture" },
        "north": { "uv": [ 2.001, 5.751, 13.999, 6.249 ], "texture": "#texture" },
        "south": { "uv": [ 2.001, 5.501, 13.999, 5.999 ], "texture": "#texture" }
    }
},
{
    "from": [ 2, 14, 10 ],
    "to": [ 14, 14.5, 10.5 ],
    "faces": {
        "down":  { "uv": [ 13.999, 6.249, 2.001, 5.751 ], "texture": "#texture" },
        "up":    { "uv": [ 1.751, 6.001, 13.749, 6.499 ], "texture": "#texture" },
        "north": { "uv": [ 2.001, 5.751, 13.999, 6.249 ], "texture": "#texture" },
        "south": { "uv": [ 2.001, 5.751, 13.999, 6.249 ], "texture": "#texture" }
    }
},
{
    "from": [ 2, 14, 12 ],
    "to": [ 14, 14.5, 12.5 ],
    "faces": {
        "down":  { "uv": [ 13.999, 5.999, 2.001, 5.501 ], "texture": "#texture" },
        "up":    { "uv": [ 2.001, 5.501, 13.999, 5.999 ], "texture": "#texture" },
        "north": { "uv": [ 2.001, 6.001, 13.999, 6.499 ], "texture": "#texture" },
        "south": { "uv": [ 2.001, 6.001, 13.999, 6.499 ], "texture": "#texture" }
    }
},
{
    "from": [ 2, 13.5, 14 ],
    "to": [ 14, 15, 16 ],
    "faces": {
        "down":  { "uv": [ 13.999, 2.249, 2.001, 0.251 ], "texture": "#texture" },
        "up":    { "uv": [ 1.751, 0.001, 13.749, 1.999 ], "texture": "#texture" },
        "north": { "uv": [ 2.001, 1.001, 13.999, 2.499 ], "texture": "#texture" },
        "south": { "uv": [ 2.001, 1.001, 13.999, 2.499 ], "texture": "#texture", "cullface": "south" }
    }
},
{
    "from": [ 2, 13.5, 0 ],
    "to": [ 14, 15, 2 ],
    "faces": {
        "down":  { "uv": [ 13.999, 1.999, 2.001, 0.001 ], "texture": "#texture" },
        "up":    { "uv": [ 2.001, 0.001, 13.999, 1.999 ], "texture": "#texture" },
        "north": { "uv": [ 2.001, 1.001, 13.999, 2.499 ], "texture": "#texture", "cullface": "north" },
        "south": { "uv": [ 2.001, 1.001, 13.999, 2.499 ], "texture": "#texture" }
    }
},
{
    "from": [ 14, 13.5, 2 ],
    "to": [ 16, 15, 14 ],
    "faces": {
        "down":  { "uv": [ 1.999, 13.999, 0.001, 2.001 ], "texture": "#texture" },
        "up":    { "uv": [ 14.001, 2.001, 15.999, 13.999 ], "texture": "#texture" },
        "west":  { "uv": [ 2.001, 1.001, 13.999, 2.499 ], "texture": "#texture" },
        "east":  { "uv": [ 2.001, 1.001, 13.999, 2.499 ], "texture": "#texture", "cullface": "east" }
    }
},
{
    "from": [ 0, 13.5, 2 ],
    "to": [ 2, 15, 14 ],
    "faces": {
        "down":  { "uv": [ 15.999, 13.999, 14.001, 2.001 ], "texture": "#texture" },
        "up":    { "uv": [ 0.001, 2.001, 1.999, 13.999 ], "texture": "#texture" },
        "west":  { "uv": [ 2.001, 1.001, 13.999, 2.499 ], "texture": "#texture", "cullface": "west" },
        "east":  { "uv": [ 2.001, 1.001, 13.999, 2.499 ], "texture": "#texture" }
    }
}
],
"display": {
    "thirdperson_righthand": {
        "rotation": [ 75, 45, 0 ],
        "translation": [ 0, 2.5, 0 ],
        "scale": [ 0.375, 0.375, 0.375 ]
    },
    "thirdperson_lefthand": {
        "rotation": [ 75, 45, 0 ],
        "translation": [ 0, 2.5, 0 ],
        "scale": [ 0.375, 0.375, 0.375 ]
    },
    "head": {
        "rotation": [ 0, 0, 0 ],
        "translation": [ 0, 13, 0 ],
        "scale": [ 1, 1, 1 ]
    },
    "ground": {
        "rotation": [ 0, 0, 0 ],
        "translation": [ 0, 3, 0 ],
        "scale": [ 0.25, 0.25, 0.25 ]
    },
    "fixed": {
        "rotation": [ 0, 0, 0 ],
        "translation": [ 0, 0, 0 ],
        "scale": [ 0.5, 0.5, 0.5 ]
    },
    "firstperson_righthand": {
        "rotation": [ 0, 45, 0 ],
        "translation": [ 0, 0, 0 ],
        "scale": [ 0.4, 0.4, 0.4 ]
    },
    "firstperson_lefthand": {
        "rotation": [ 0, 45, 0 ],
        "translation": [ 0, 0, 0 ],
        "scale": [ 0.4, 0.4, 0.4 ]
    },
    "gui": {
        "rotation": [ 30, 225, 0 ],
        "translation": [ 0, 0, 0 ],
        "scale": [ 0.625, 0.625, 0.625 ]
    }
}
}